CustomerID,Segment,Recency,Frequency,Monetary
12346,Lost,326,1,77183.6
12347,Champions,2,7,4310.0
12348,At Risk,75,4,1437.24
12349,Potential Loyalists,19,1,1457.55
12350,Lost,310,1,294.4
12352,Loyal Customers,36,7,1385.74
12353,Lost,204,1,89.0
12354,Lost,232,1,1079.4
12355,Lost,214,1,459.4
12356,Loyal Customers,23,3,2487.43
12357,Potential Loyalists,33,1,6207.67
12358,Recent Customers,2,2,928.0600000000001
12359,At Risk,58,4,6310.03
12360,At Risk,52,3,2302.06
12361,Lost,287,1,174.9
12362,Champions,3,10,4737.23
12363,At Risk,110,2,552.0
12364,Loyal Customers,8,4,1208.1
12365,Lost,291,1,320.69
12367,Recent Customers,4,1,150.9
12370,Loyal Customers,51,4,3421.94
12371,Lost,60,1,1527.96
12372,At Risk,72,3,1196.04
12373,Lost,311,1,324.6
12374,Potential Loyalists,25,1,622.93
12375,Recent Customers,11,2,377.5
12377,Lost,315,2,1548.12
12378,Lost,130,1,4008.62
12379,At Risk,82,2,777.24
12380,Loyal Customers,22,4,2427.81
12381,Loyal Customers,5,3,1474.81
12383,Need Attention,185,5,1628.56
12384,Potential Loyalists,29,2,425.27000000000004
12386,Lost,338,2,401.9
12388,Champions,16,6,2780.66
12390,Lost,80,1,504.84000000000003
12391,Potential Loyalists,22,1,439.66
12393,At Risk,72,4,1582.6000000000001
12394,At Risk,64,2,1080.48
12395,Loyal Customers,19,12,2682.63
12397,Potential Loyalists,36,2,2214.9
12398,Potential Loyalists,46,1,1435.66
12399,At Risk,119,4,1033.65
12401,Lost,303,1,69.3
12402,Lost,323,1,195.6
12403,Potential Loyalists,50,1,391.7
12405,Lost,149,1,1390.39
12406,Potential Loyalists,22,2,3415.3
12407,Loyal Customers,50,5,1507.1200000000001
12408,Loyal Customers,33,5,2618.55
12409,At Risk,79,3,11072.67
12410,Lost,309,2,533.33
12412,At Risk,75,3,1142.88
12413,At Risk,67,3,686.1
12414,Need Attention,217,3,442.41
12415,Loyal Customers,24,20,124564.53
12417,Champions,3,9,3226.1
12418,Lost,113,1,668.58
12420,Lost,64,1,600.39
12421,Loyal Customers,16,4,639.04
12422,At Risk,96,3,683.5600000000001
12423,Champions,1,8,1634.31
12424,Lost,163,2,1760.96
12425,Lost,78,1,777.2
12426,Lost,195,1,510.73
12427,Loyal Customers,22,3,699.8
12428,Loyal Customers,26,8,6405.26
12429,Loyal Customers,9,4,3388.4
12430,Potential Loyalists,43,1,216.4
12431,Loyal Customers,36,15,6314.95
12432,Loyal Customers,43,4,4359.32
12433,Champions,1,7,13375.87
12434,At Risk,85,2,806.14
12435,At Risk,80,2,7829.89
12436,Lost,100,1,429.01000000000005
12437,Champions,2,18,4447.41
12438,Recent Customers,14,2,2466.85
12441,Lost,367,1,155.55
12442,Recent Customers,3,1,144.06
12444,Loyal Customers,21,5,4085.46
12445,Potential Loyalists,22,1,77.4
12446,Lost,58,1,1002.3100000000001
12447,Lost,243,1,431.49
12448,Potential Loyalists,44,1,365.45
12449,Loyal Customers,22,4,3596.29
12450,Lost,156,2,197.88
12451,Loyal Customers,11,5,8995.52
12452,Recent Customers,17,1,348.57
12453,Lost,134,1,707.09
12454,Lost,56,1,3528.34
12455,At Risk,73,5,2339.86
12456,Loyal Customers,44,3,2581.04
12457,At Risk,66,6,2043.23
12458,At Risk,71,2,787.4
12461,Lost,155,1,626.88
12462,Potential Loyalists,19,2,937.59
12463,At Risk,53,4,1200.78
12464,Champions,10,8,957.05
12465,Recent Customers,17,2,682.1899999999999
12468,Lost,188,2,657.54
12471,Champions,2,27,17388.649999999998
12472,Loyal Customers,32,7,6068.11
12473,At Risk,54,3,2585.73
12474,Champions,17,18,6694.09
12475,Lost,54,1,669.38
12476,Champions,16,11,5898.42
12477,Loyal Customers,23,6,13219.74
12478,Recent Customers,4,1,545.99
12479,Recent Customers,11,1,473.2
12480,Loyal Customers,28,4,2885.63
12481,Loyal Customers,23,10,5003.82
12483,Champions,17,8,1910.98
12484,Loyal Customers,35,4,3939.32
12488,Loyal Customers,10,3,1244.66
12489,Lost,336,1,298.93
12490,Champions,5,10,4859.93
12491,Potential Loyalists,39,1,424.40000000000003
12492,At Risk,63,2,227.21
12493,Lost,166,2,415.74
12494,Champions,16,7,1084.1000000000001
12497,Lost,82,1,953.1
12498,Loyal Customers,21,3,349.70000000000005
12500,Loyal Customers,23,11,4059.82
12501,Lost,337,1,2025.39
12502,At Risk,96,5,2995.87
12504,Recent Customers,18,2,428.04999999999995
12506,Lost,233,1,73.5
12507,At Risk,134,3,1052.81
12508,Potential Loyalists,26,2,397.88
12509,Lost,284,1,158.5
12510,At Risk,143,2,814.5699999999999
12512,At Risk,66,2,132.18
12513,Lost,113,1,558.29
12514,Lost,267,1,1017.68
12515,Lost,353,1,278.7
12516,At Risk,78,2,1186.06
12517,Loyal Customers,28,4,2301.6
12518,Loyal Customers,1,5,1840.89
12519,Lost,64,1,276.84
12520,At Risk,79,5,2346.2599999999998
12521,Lost,143,1,545.68
12522,Potential Loyalists,39,2,156.72
12523,Loyal Customers,19,11,1699.77
12524,Champions,9,8,3945.72
12526,Loyal Customers,1,3,1172.66
12527,At Risk,82,3,330.71000000000004
12528,Champions,9,6,1645.48
12530,At Risk,60,4,1500.28
12531,Recent Customers,15,1,125.22
12532,Potential Loyalists,30,1,313.83000000000004
12534,Lost,131,1,981.18
12535,At Risk,92,2,716.35
12536,Lost,59,1,4279.71
12538,Potential Loyalists,29,1,363.95
12539,Loyal Customers,22,4,5568.35
12540,Loyal Customers,20,17,11580.24
12541,Loyal Customers,30,3,841.18
12544,Potential Loyalists,36,1,316.7
12545,At Risk,75,2,832.39
12546,Potential Loyalists,47,2,1021.5
12547,Lost,198,2,151.79999999999998
12548,Lost,166,1,67.19999999999999
12550,Lost,79,1,824.83
12551,Lost,358,1,168.0
12552,Potential Loyalists,40,1,317.82
12553,Champions,8,10,3278.28
12556,Potential Loyalists,50,2,599.56
12557,Loyal Customers,16,5,11990.960000000001
12558,Recent Customers,8,1,269.96
12559,Lost,311,2,525.71
12560,Recent Customers,5,2,1918.01
12561,Lost,303,1,238.85
12562,Champions,8,7,3385.7400000000002
12564,Lost,261,1,402.9
12565,Lost,289,1,145.92
12566,Lost,86,1,297.65
12567,Loyal Customers,23,10,8609.28
12569,Champions,2,32,3152.69
12571,Potential Loyalists,40,2,519.61
12572,Recent Customers,9,2,912.42
12573,Lost,227,1,160.54000000000002
12574,Lost,316,1,182.45000000000002
12576,Loyal Customers,36,5,1315.83
12577,Loyal Customers,35,3,622.65
12578,Potential Loyalists,21,2,2402.51
12579,Lost,78,1,386.42
12580,Lost,247,1,379.7
12581,Potential Loyalists,40,1,179.71
12582,Lost,239,2,351.36
12583,Champions,3,15,6705.38
12584,Champions,4,9,2254.15
12585,Lost,234,2,1824.1
12586,Recent Customers,17,1,196.94000000000003
12587,Recent Customers,8,1,104.0
12588,Potential Loyalists,39,1,174.89999999999998
12589,Potential Loyalists,29,2,574.68
12590,Lost,211,1,9341.26
12591,Lost,317,1,368.85
12592,At Risk,92,2,401.6
12593,At Risk,109,3,382.09999999999997
12594,Loyal Customers,38,9,3208.2200000000003
12596,Potential Loyalists,51,2,450.27
12597,Loyal Customers,19,4,3195.22
12598,Champions,10,7,2807.08
12599,Loyal Customers,29,7,888.58
12600,Loyal Customers,29,10,2311.04
12601,Need Attention,190,5,487.06
12602,Lost,59,1,153.12
12603,Potential Loyalists,22,1,613.1999999999999
12604,At Risk,79,2,236.18
12607,Lost,60,1,1579.51
12609,At Risk,78,3,964.85
12610,Loyal Customers,23,4,1747.54
12611,Lost,52,1,1193.32
12612,Lost,74,1,668.0400000000001
12613,At Risk,57,4,3092.38
12614,Lost,278,1,315.6
12615,Loyal Customers,2,4,2093.19
12616,At Risk,95,2,641.3
12617,Potential Loyalists,29,1,352.98
12618,Potential Loyalists,22,1,137.31
12619,Champions,16,8,2945.56
12620,Loyal Customers,15,3,1303.41
12621,Champions,2,20,12411.67
12622,Lost,232,1,162.1
12623,Lost,276,1,269.1
12624,At Risk,106,2,569.13
12625,Lost,212,2,2413.82
12626,Loyal Customers,23,9,5954.48
12627,Champions,11,6,4082.53
12628,Loyal Customers,4,3,732.46
12630,Recent Customers,10,2,1030.88
12631,Lost,57,1,480.5
12633,At Risk,59,4,1929.98
12635,At Risk,90,2,1509.18
12637,At Risk,67,8,5804.9
12638,Potential Loyalists,33,1,511.69
12639,Lost,239,1,366.1
12640,Loyal Customers,24,3,994.58
12641,Lost,115,1,145.9
12642,Loyal Customers,25,3,905.26
12643,At Risk,128,6,3041.64
12644,Lost,130,1,477.91
12645,Loyal Customers,34,4,1631.18
12646,Recent Customers,5,2,1346.97
12647,Loyal Customers,22,12,3146.82
12648,Lost,155,1,300.05
12649,At Risk,107,3,569.51
12650,Recent Customers,3,1,242.44000000000003
12651,Lost,335,1,114.0
12652,Lost,331,1,793.98
12653,Lost,149,2,2209.85
12654,Loyal Customers,11,5,529.98
12656,Loyal Customers,17,5,3619.17
12657,Loyal Customers,11,4,1427.18
12658,Potential Loyalists,19,1,632.05
12659,Potential Loyalists,30,1,73.68
12660,Recent Customers,11,1,227.1
12662,Champions,1,11,3543.78
12664,Champions,8,9,4391.88
12665,Lost,325,1,45.0
12667,Lost,58,1,460.13
12668,Loyal Customers,12,4,3177.15
12669,Lost,151,2,1427.73
12670,Loyal Customers,10,5,2744.05
12672,Lost,330,1,225.89999999999998
12673,Recent Customers,5,2,574.52
12674,Loyal Customers,39,4,1844.6
12676,Loyal Customers,25,6,1091.39
12678,Loyal Customers,42,10,16481.46
12679,At Risk,59,4,951.02
12680,Loyal Customers,1,4,790.81
12681,Champions,15,22,12365.54
12682,Champions,4,31,11019.82
12683,Champions,4,14,7612.57
12684,Champions,8,6,2073.63
12685,Loyal Customers,28,6,2575.08
12686,Lost,372,1,71.14
12688,Lost,114,1,4873.8099999999995
12689,Potential Loyalists,26,2,1139.61
12690,Lost,206,1,335.01
12691,Loyal Customers,28,5,927.8
12693,At Risk,127,4,711.91
12694,At Risk,70,2,761.67
12695,Loyal Customers,7,4,582.1
12697,Loyal Customers,29,3,757.59
12700,Loyal Customers,8,4,4525.99
12701,At Risk,80,2,725.71
12702,Potential Loyalists,20,1,201.0
12703,Lost,71,1,265.55
12704,Champions,7,8,1740.84
12705,Champions,15,8,6382.29
12707,Lost,292,1,603.42
12708,Loyal Customers,30,10,2442.91
12709,Champions,15,15,9400.52
12710,At Risk,97,3,1023.02
12712,Loyal Customers,29,13,3928.13
12713,Recent Customers,1,1,794.55
12714,Loyal Customers,9,5,4294.86
12715,Lost,106,1,263.36
12716,Recent Customers,4,2,963.49
12717,Lost,151,2,830.98
12718,Lost,71,1,202.25
12719,Recent Customers,5,2,572.95
12720,Champions,3,25,5115.7300000000005
12721,Loyal Customers,32,6,2386.13
12722,At Risk,85,4,979.63
12723,Champions,4,5,707.07
12724,Loyal Customers,5,4,923.41
12725,Lost,371,1,371.8
12726,Loyal Customers,28,7,2411.1
12727,Champions,11,7,3440.7
12728,At Risk,71,4,728.33
12729,Lost,114,1,417.01
12731,Loyal Customers,24,12,18751.91
12732,Lost,180,1,218.26000000000002
12733,Lost,234,1,383.95
12734,Lost,353,1,110.39999999999999
12735,Lost,315,2,689.5699999999999
12736,Lost,333,1,144.0
12738,Lost,372,1,137.35
12739,Lost,99,1,975.54
12740,Lost,64,1,427.6
12743,At Risk,134,2,540.13
12744,At Risk,56,4,9120.39
12747,Champions,2,11,4196.01
12748,Champions,1,206,31650.78
12749,Champions,4,5,4090.88
12750,Lost,129,1,275.88
12752,Lost,81,1,4366.78
12753,Loyal Customers,23,6,21429.39
12754,Need Attention,236,3,3010.74
12755,Lost,281,2,3811.95
12756,Lost,87,1,112.07999999999998
12757,Champions,16,9,4176.75
12758,At Risk,117,2,2791.59
12759,At Risk,52,3,1411.44
12762,Recent Customers,8,2,1702.52
12763,At Risk,138,2,494.08
12764,Lost,317,1,1693.88
12766,Champions,4,7,6457.63
12769,Lost,239,1,1143.6
12770,Lost,211,1,1351.45
12772,Lost,60,1,752.47
12775,Champions,17,5,1281.04
12778,Loyal Customers,20,6,693.23
12779,Loyal Customers,38,8,3981.36
12781,At Risk,64,2,786.74
12782,Champions,5,5,1938.92
12783,Loyal Customers,2,4,1295.87
12784,Recent Customers,15,1,476.82
12785,Lost,364,1,255.95
12787,Loyal Customers,10,3,418.66
12789,Lost,65,1,76.85
12790,Lost,192,1,294.92
12791,Lost,374,1,177.60000000000002
12792,Lost,257,1,344.53999999999996
12793,Lost,335,2,461.48
12794,At Risk,53,2,860.41
12795,Potential Loyalists,19,1,318.48
12797,Lost,366,1,226.03
12798,Loyal Customers,10,3,6977.04
12802,Lost,187,1,397.58
12808,Loyal Customers,37,3,455.65000000000003
12809,Lost,178,1,405.31
12811,Lost,262,2,458.85
12812,Potential Loyalists,45,1,229.64000000000001
12814,Lost,102,1,85.92
12815,Lost,148,2,863.46
12816,At Risk,96,2,452.20000000000005
12817,Lost,281,1,126.03999999999999
12818,Lost,262,1,1182.0800000000002
12820,Loyal Customers,3,4,942.34
12821,Lost,214,1,92.72
12822,At Risk,71,2,948.88
12823,At Risk,75,5,1759.5
12824,Lost,60,1,397.12
12826,Champions,3,7,1474.72
12827,Loyal Customers,6,3,430.15000000000003
12828,Champions,3,6,1018.71
12829,Lost,337,2,293.0
12830,Loyal Customers,38,6,6814.64
12831,Lost,262,1,215.05
12832,Potential Loyalists,32,2,383.03
12833,Lost,145,1,417.38
12834,Lost,283,1,312.38
12836,At Risk,59,4,2610.36
12837,Lost,173,1,134.1
12838,Potential Loyalists,34,2,671.95
12839,Champions,3,14,5591.42
12840,Need Attention,144,4,2726.77
12841,Champions,5,25,3991.58
12842,At Risk,70,2,1118.99
12843,At Risk,66,8,1702.26
12844,Potential Loyalists,29,2,325.96000000000004
12845,Need Attention,267,4,354.09
12847,Potential Loyalists,22,1,843.64
12849,Potential Loyalists,31,2,992.65
12851,Lost,97,1,131.81
12852,Lost,295,1,311.55
12853,At Risk,135,6,1957.1000000000001
12854,At Risk,79,3,1316.25
12855,Lost,373,1,38.1
12856,Champions,8,6,2170.78
12857,Lost,211,2,1106.4
12863,Lost,52,1,521.2
12864,Lost,138,1,147.12
12865,Potential Loyalists,26,2,1568.23
12866,Lost,283,1,499.12
12867,Loyal Customers,26,7,4009.34
12868,Need Attention,186,6,1607.0600000000002
12871,At Risk,84,2,380.64
12872,Lost,327,2,599.97
12873,Lost,282,1,374.0
12875,At Risk,143,2,343.2300000000001
12876,At Risk,58,2,2053.02
12877,Champions,4,12,1535.77
12878,Lost,236,2,854.99
12879,Loyal Customers,45,3,573.22
12881,Lost,276,1,298.0
12882,Recent Customers,9,2,1463.04
12883,Loyal Customers,25,4,703.47
12884,Lost,88,1,309.05
12885,At Risk,63,3,1175.22
12886,At Risk,68,2,1378.4
12888,Lost,214,2,354.12
12890,Potential Loyalists,24,1,376.71999999999997
12891,Need Attention,186,3,331.0
12893,Potential Loyalists,31,1,176.55
12895,Potential Loyalists,42,2,372.8
12897,Lost,205,2,216.5
12901,Champions,9,28,17654.54
12902,Lost,265,1,138.68
12904,Recent Customers,18,2,496.06
12906,Champions,12,5,2919.81
12908,Lost,176,2,750.0
12909,Loyal Customers,40,5,2178.67
12910,Loyal Customers,23,8,3075.04
12912,Champions,3,5,1662.3
12913,Champions,5,5,2483.63
12915,Lost,149,2,363.65
12916,At Risk,139,4,2944.95
12917,Lost,128,1,594.0
12919,Champions,8,6,1335.19
12920,Recent Customers,17,1,162.78
12921,Champions,9,37,16587.09
12922,Lost,161,1,405.38
12923,Lost,64,1,171.57
12924,At Risk,88,4,925.75
12925,Recent Customers,5,2,694.05
12928,Loyal Customers,35,5,2062.7000000000003
12929,Lost,312,1,117.85
12930,At Risk,78,2,415.8
12931,Loyal Customers,22,15,42055.96
12933,Loyal Customers,24,3,607.53
12935,Champions,2,7,2160.7
12936,Loyal Customers,17,4,1063.9
12937,Loyal Customers,15,4,1504.27
12938,Potential Loyalists,26,1,114.14
12939,At Risk,64,8,11581.8
12940,At Risk,55,2,899.69
12942,At Risk,131,3,675.6
12944,Potential Loyalists,36,2,604.51
12945,Lost,288,1,462.95
12947,Need Attention,144,6,1603.99
12948,Champions,16,7,2064.95
12949,Loyal Customers,31,8,4167.22
12950,Loyal Customers,2,3,1843.0
12951,Champions,9,6,1064.07
12952,Loyal Customers,6,4,1387.79
12953,Recent Customers,10,1,329.85
12955,Champions,1,11,4757.16
12956,Lost,306,1,108.07
12957,Champions,10,8,4017.54
12962,Recent Customers,7,2,266.39
12963,Champions,8,8,1856.63
12965,Lost,89,1,769.8100000000001
12966,Recent Customers,10,1,160.18
12967,Lost,358,2,1660.9
12968,Lost,112,1,135.95
12970,Loyal Customers,7,4,405.47
12971,Champions,4,86,11189.91
12974,Lost,198,1,144.8
12976,Lost,212,1,738.6
12977,Lost,156,1,39.239999999999995
12980,Need Attention,158,9,7374.900000000001
12981,Potential Loyalists,30,2,372.21999999999997
12982,Lost,243,1,390.54
12984,Potential Loyalists,19,1,97.5
12985,Recent Customers,1,2,1239.38
12987,At Risk,74,2,558.7
12988,Lost,292,1,505.82
12989,Champions,3,15,6924.110000000001
12990,Loyal Customers,31,3,409.5
12991,Potential Loyalists,23,2,503.76
12993,Loyal Customers,23,4,414.76
12994,Loyal Customers,4,3,974.4200000000001
12995,Lost,85,1,211.32
12997,Loyal Customers,22,4,1226.89
12999,Need Attention,196,3,455.88
13000,At Risk,107,3,534.85
13001,Champions,4,13,9785.970000000001
13002,Lost,318,1,120.94999999999999
13003,At Risk,106,3,149.05
13004,Champions,12,18,5655.91
13005,Lost,174,2,513.7
13006,Lost,56,1,81.57
13008,Lost,323,1,229.46999999999997
13011,Lost,372,1,50.550000000000004
13012,Champions,9,8,1646.8400000000001
13013,Champions,1,13,4810.9400000000005
13014,Champions,11,10,3466.2799999999997
13015,At Risk,53,5,3339.64
13016,At Risk,73,3,789.89
13017,Recent Customers,7,1,204.0
13018,Champions,16,28,7277.7
13021,Champions,4,9,2616.38
13023,At Risk,64,2,599.9
13026,Champions,1,5,975.36
13027,At Risk,114,6,6912.0
13028,Potential Loyalists,23,2,661.3199999999999
13029,Loyal Customers,31,3,1247.5
13030,Recent Customers,11,2,752.4399999999999
13032,At Risk,52,2,1010.18
13033,Lost,357,1,190.55
13034,At Risk,55,2,642.77
13035,At Risk,74,2,921.88
13037,At Risk,138,3,881.07
13038,At Risk,80,3,908.46
13040,Recent Customers,9,2,676.99
13043,Lost,273,1,516.42
13044,Lost,291,1,560.47
13045,Lost,99,1,305.28000000000003
13046,Potential Loyalists,31,2,629.31
13047,At Risk,57,9,3232.59
13048,Loyal Customers,14,4,1819.41
13049,At Risk,64,2,656.6800000000001
13050,Champions,15,17,5833.11
13052,Lost,212,1,348.15000000000003
13055,At Risk,78,3,1214.41
13058,Loyal Customers,25,3,271.40000000000003
13059,Lost,250,1,183.4
13060,Lost,254,1,307.53
13061,Lost,72,1,248.61
13062,Lost,191,1,346.98
13064,Loyal Customers,13,4,1105.59
13065,Lost,373,1,205.86
13066,Potential Loyalists,24,2,470.8
13067,Lost,82,1,115.46000000000001
13068,Recent Customers,10,2,344.0
13069,Champions,1,24,4431.44
13070,Lost,192,1,228.8
13072,Lost,267,1,177.15
13075,Lost,130,1,919.61
13077,Loyal Customers,1,4,728.02
13078,Champions,3,26,12627.94
13079,Champions,4,5,220.10000000000002
13080,Lost,179,1,58.08
13081,Champions,12,11,28337.38
13082,At Risk,126,9,3613.63
13083,Recent Customers,4,2,303.75
13085,Lost,158,2,416.08000000000004
13089,Champions,3,97,58762.08
13090,Champions,9,13,8895.82
13091,Potential Loyalists,28,1,345.82
13092,At Risk,71,5,477.83
13093,Need Attention,276,8,7832.47
13094,Loyal Customers,21,12,1927.3200000000002
13095,Lost,71,1,74.39999999999999
13097,Loyal Customers,33,10,6003.22
13098,Champions,1,28,28882.44
13099,Lost,99,1,207.35999999999999
13101,Lost,234,1,101.19
13102,Champions,1,24,6424.09
13103,Potential Loyalists,40,1,243.94
13104,Champions,3,6,1098.48
13106,Lost,133,1,76.5
13107,Loyal Customers,44,4,1531.6200000000001
13108,Lost,373,1,350.06
13109,At Risk,60,2,786.54
13110,Loyal Customers,31,7,1488.67
13113,Champions,1,24,12245.960000000001
13115,Loyal Customers,12,4,2294.78
13116,Lost,138,1,501.14
13117,Loyal Customers,22,8,984.91
13118,Loyal Customers,20,5,1197.81
13120,Lost,239,1,30.599999999999998
13121,Lost,269,1,283.73
13122,At Risk,94,2,922.39
13124,At Risk,90,3,3756.33
13126,Champions,5,8,2099.64
13127,Lost,78,1,259.17
13130,Lost,94,1,64.0
13131,Loyal Customers,23,3,1073.3
13132,Lost,262,1,77.3
13133,Lost,274,2,109.8
13134,At Risk,86,4,1793.58
13135,Lost,197,1,3096.0
13136,At Risk,56,5,2607.61
13137,Champions,11,8,3603.29
13138,Loyal Customers,22,6,962.39
13139,Champions,16,7,5064.94
13140,At Risk,108,3,422.47
13141,At Risk,85,5,2388.75
13142,Potential Loyalists,19,1,307.09
13144,Lost,333,1,110.95
13145,Loyal Customers,40,4,618.52
13146,Potential Loyalists,26,1,228.91
13147,Loyal Customers,10,4,712.8000000000001
13148,Loyal Customers,29,12,3683.26
13149,Loyal Customers,14,4,1676.06
13151,Lost,296,1,1257.8700000000001
13153,Recent Customers,6,1,486.22
13155,Loyal Customers,33,4,971.76
13157,Loyal Customers,49,4,1741.22
13158,At Risk,95,4,1201.06
13159,Loyal Customers,9,4,1429.35
13160,Potential Loyalists,22,1,91.8
13161,Lost,313,1,112.75
13162,At Risk,122,4,1688.29
13165,Potential Loyalists,46,2,1021.48
13166,Lost,283,1,417.2
13167,Loyal Customers,19,4,779.33
13168,Loyal Customers,36,4,1299.59
13169,At Risk,64,2,712.88
13170,Potential Loyalists,27,1,108.81
13171,Loyal Customers,22,3,468.41
13173,Recent Customers,4,2,353.65
13174,Loyal Customers,16,3,2738.82
13176,Potential Loyalists,46,1,481.49
13177,Lost,65,1,282.45
13178,Loyal Customers,26,11,5725.47
13182,Potential Loyalists,45,1,121.18
13183,Champions,8,9,3957.78
13184,Champions,15,10,1667.95
13185,Lost,268,1,71.4
13186,Loyal Customers,40,3,1575.89
13187,Lost,337,1,236.02
13188,Recent Customers,11,1,114.60000000000001
13189,Potential Loyalists,19,2,260.68
13192,At Risk,95,2,911.94
13193,Lost,61,1,112.08
13194,Lost,136,1,60.7
13196,Loyal Customers,11,4,1797.78
13198,Champions,10,6,3401.2400000000002
13199,Champions,4,37,9802.12
13200,Loyal Customers,19,4,870.09
13203,Loyal Customers,10,4,869.46
13207,Recent Customers,15,2,250.26000000000002
13208,At Risk,59,5,1193.17
13209,Loyal Customers,30,8,5891.61
13210,Lost,94,1,353.48
13211,Loyal Customers,10,3,1095.42
13212,Loyal Customers,20,3,786.83
13213,At Risk,57,5,1520.58
13216,Lost,268,1,333.74
13217,At Risk,122,3,533.98
13218,Lost,127,1,62.63999999999999
13220,At Risk,78,4,819.2900000000001
13221,Lost,240,2,844.86
13223,Lost,200,2,163.20000000000002
13224,At Risk,60,2,2152.95
13225,Champions,3,7,6463.84
13226,Lost,273,1,108.21000000000001
13227,Lost,202,1,257.7
13228,Lost,81,1,358.0
13229,Lost,226,1,160.95
13230,Champions,4,14,2755.63
13232,Champions,13,7,1327.75
13233,At Risk,74,2,605.12
13235,Lost,212,1,1031.07
13236,Potential Loyalists,25,2,744.85
13238,Loyal Customers,17,4,700.73
13239,Lost,262,1,329.56
13240,At Risk,96,4,648.7
13242,At Risk,112,3,270.40000000000003
13243,Lost,203,1,585.12
13244,Lost,93,1,121.74000000000001
13245,Potential Loyalists,51,1,430.5
13246,Champions,18,6,1961.52
13247,Loyal Customers,18,4,501.12
13248,At Risk,125,2,465.68
13249,At Risk,92,3,711.41
13253,Lost,157,2,1030.4
13255,Recent Customers,9,2,399.51
13258,Loyal Customers,12,3,672.83
13259,Lost,62,1,283.18
13260,Lost,61,1,557.62
13261,Lost,269,2,944.1
13262,Lost,263,1,200.29
13263,Champions,1,34,7411.71
13265,At Risk,53,5,2092.66
13266,Champions,11,12,3834.2599999999998
13267,Champions,3,19,4521.49
13268,Champions,18,10,3152.71
13269,Champions,1,15,5343.28
13270,Lost,366,1,590.0
13271,Potential Loyalists,37,1,211.49
13272,Potential Loyalists,31,2,276.56
13273,Lost,113,1,138.98
13276,At Risk,64,2,590.9300000000001
13277,Loyal Customers,16,4,258.4
13278,Potential Loyalists,41,1,542.73
13279,Lost,78,1,137.75
13280,At Risk,122,3,798.46
13282,Loyal Customers,18,3,1132.14
13283,At Risk,60,2,93.66
13284,Lost,331,1,201.19
13285,Loyal Customers,23,4,2709.12
13291,Lost,156,1,361.11
13292,Potential Loyalists,39,2,578.9399999999999
13294,Lost,190,2,873.74
13295,Lost,360,1,201.20000000000002
13296,Lost,137,1,87.4
13297,Loyal Customers,8,4,2089.85
13298,Recent Customers,1,1,360.0
13299,Lost,268,1,142.5
13300,Lost,169,1,371.89
13301,At Risk,104,4,600.19
13302,Lost,155,1,63.75
13304,Lost,351,1,300.42
13305,Champions,4,10,2000.86
13307,Lost,120,1,15.0
13308,Loyal Customers,23,3,1385.51
13309,Champions,7,5,1456.79
13310,Loyal Customers,28,3,1132.03
13311,Recent Customers,4,2,598.57
13313,Loyal Customers,22,5,1555.32
13314,Loyal Customers,2,3,775.94
13316,Loyal Customers,37,4,5732.93
13317,At Risk,66,6,2273.68
13318,Loyal Customers,1,3,640.76
13319,Champions,5,26,10845.550000000001
13320,At Risk,78,4,1532.2
13321,At Risk,72,2,567.36
13322,Recent Customers,17,1,199.48000000000002
13323,Champions,3,5,787.85
13324,Loyal Customers,36,10,7121.95
13325,Lost,82,1,675.3
13327,Loyal Customers,39,8,3627.77
13328,Lost,316,1,1308.48
13329,Potential Loyalists,32,2,789.0
13330,At Risk,93,3,1140.93
13332,Recent Customers,14,1,350.9
13334,At Risk,82,3,3502.32
13336,Lost,77,1,795.12
13338,Lost,158,1,487.02
13339,Lost,201,1,860.12
13340,Loyal Customers,45,7,10736.48
13341,Lost,261,1,775.85
13343,Lost,178,1,353.43
13344,At Risk,68,3,2511.69
13345,Lost,288,1,389.5
13347,Lost,70,1,341.36
13348,Lost,64,1,233.76
13349,Recent Customers,11,1,247.32
13350,Recent Customers,16,2,979.12
13351,Lost,66,1,373.94
13352,Lost,60,1,397.97999999999996
13354,Lost,71,1,743.53
13355,Lost,122,1,674.7
13356,Lost,80,1,768.24
13357,Lost,257,1,609.4
13358,Lost,269,1,439.03
13359,Lost,64,1,439.56
13362,Loyal Customers,9,4,3090.7400000000002
13363,Recent Customers,18,2,992.5
13364,Lost,71,1,134.95999999999998
13365,Potential Loyalists,34,2,2225.37
13366,Potential Loyalists,50,1,56.160000000000004
13368,Lost,257,2,623.4
13369,Lost,366,1,308.28000000000003
13370,Lost,372,1,754.87
13372,Lost,90,1,378.64
13373,At Risk,61,3,3312.25
13375,Lost,89,1,778.65
13376,At Risk,99,3,1019.76
13379,Loyal Customers,26,3,572.56
13381,Loyal Customers,32,6,3639.31
13382,Lost,281,1,222.99
13384,Loyal Customers,31,7,4151.93
13385,Lost,330,1,534.57
13388,At Risk,131,2,677.1
13389,Loyal Customers,11,3,797.96
13390,Lost,75,1,544.08
13391,Lost,204,1,59.8
13394,Champions,2,8,2520.02
13395,Lost,185,1,307.72
13396,Potential Loyalists,29,2,1360.99
13397,At Risk,73,5,1544.13
13398,Lost,192,1,457.34
13402,At Risk,127,2,621.23
13403,Recent Customers,18,1,75.0
13404,Recent Customers,1,2,252.49
13405,Lost,204,2,557.45
13408,Champions,2,62,28117.04
13410,Loyal Customers,24,5,1003.06
13411,Lost,107,1,213.55
13414,At Risk,134,3,1390.5
13416,Potential Loyalists,44,2,712.5
13417,Recent Customers,5,2,640.83
13418,Champions,12,18,6127.43
13419,Lost,64,1,221.06
13420,Lost,150,2,159.85
13421,Potential Loyalists,40,2,1823.21
13422,Lost,64,1,2626.3
13425,At Risk,108,3,1624.21
13426,Champions,1,10,3641.32
13427,Loyal Customers,19,3,582.6
13428,Recent Customers,10,1,201.78
13429,Loyal Customers,11,4,1006.8
13430,Potential Loyalists,19,2,679.45
13431,At Risk,67,2,1269.1
13434,At Risk,74,2,534.24
13435,Champions,5,7,3809.8900000000003
13436,Recent Customers,2,1,196.89
13437,Champions,14,7,3408.06
13439,Lost,255,1,283.71
13441,Lost,92,1,296.64
13447,Loyal Customers,23,3,1129.14
13448,Champions,17,6,3534.69
13449,Potential Loyalists,24,1,291.88
13450,Loyal Customers,27,6,2043.7199999999998
13451,Loyal Customers,26,5,2898.2599999999998
13452,Lost,259,2,590.0
13453,Lost,166,2,356.97999999999996
13455,Potential Loyalists,25,2,1058.34
13456,Champions,18,6,1766.72
13458,Champions,7,14,9646.57
13460,Potential Loyalists,29,2,183.44
13461,Loyal Customers,39,3,1445.0
13462,Lost,253,1,151.5
13464,Lost,58,1,674.68
13466,Lost,184,1,307.9
13467,Recent Customers,11,2,1071.91
13468,Champions,2,37,5704.97
13470,At Risk,99,2,165.0
13471,Loyal Customers,1,4,2501.84
13473,At Risk,61,2,422.64
13474,Lost,236,1,226.84
13475,Need Attention,191,4,1431.78
13476,Lost,179,2,1238.47
13477,Loyal Customers,38,6,1454.58
13479,Lost,201,2,300.95
13481,Loyal Customers,46,5,1804.56
13482,Lost,232,1,184.64
13483,Lost,66,1,140.34
13484,Lost,241,1,313.8
13485,Lost,233,1,454.24
13486,At Risk,78,3,1122.41
13487,At Risk,58,3,575.4
13488,Champions,17,13,8968.31
13489,At Risk,105,4,449.52
13491,At Risk,52,10,1215.82
13492,At Risk,136,3,1269.84
13493,Lost,275,2,498.63
13494,Lost,312,1,316.26000000000005
13495,Champions,8,5,2044.8700000000001
13496,Recent Customers,11,2,653.33
13497,Lost,283,2,348.05
13499,Champions,18,5,1159.11
13500,Loyal Customers,23,3,1166.77
13501,Lost,288,1,1340.32
13502,Loyal Customers,17,3,292.0
13503,Lost,71,1,216.85
13504,Lost,64,1,295.93
13505,At Risk,73,4,3633.63
13506,Lost,316,2,458.52
13507,Loyal Customers,3,4,2479.16
13508,Lost,244,1,110.97
13509,Champions,9,6,964.72
13510,Loyal Customers,1,4,1791.56
13512,Lost,261,1,251.21
13513,Lost,127,1,205.1
13514,Lost,74,1,152.20000000000002
13515,At Risk,73,4,891.12
13516,Loyal Customers,21,3,1389.41
13517,At Risk,60,3,2128.42
13518,Lost,86,1,627.16
13519,Lost,78,1,122.75
13520,At Risk,59,6,2984.35
13521,Loyal Customers,1,3,1070.47
13522,Potential Loyalists,30,1,125.80000000000001
13523,Loyal Customers,33,5,3964.88
13524,Loyal Customers,41,5,680.1800000000001
13525,Recent Customers,15,2,628.78
13527,Loyal Customers,34,7,2242.36
13529,At Risk,79,2,307.76
13531,Lost,205,2,483.8
13532,Potential Loyalists,34,1,210.31
13533,Need Attention,183,3,269.09
13534,Champions,2,25,5870.08
13536,Champions,1,7,3444.39
13538,Loyal Customers,43,7,1280.85
13539,At Risk,86,3,631.34
13544,Potential Loyalists,40,2,276.06
13546,Loyal Customers,12,3,621.09
13548,At Risk,96,2,678.16
13549,Loyal Customers,26,7,918.2
13551,Lost,319,1,91.80000000000001
13552,At Risk,66,12,3740.07
13555,At Risk,74,4,4098.88
13557,Potential Loyalists,28,2,584.06
13558,Loyal Customers,6,4,594.52
13560,Recent Customers,7,1,171.42000000000002
13561,Lost,216,1,141.85999999999999
13562,At Risk,82,3,1799.33
13563,At Risk,84,2,777.53
13564,Lost,354,2,1174.03
13565,Potential Loyalists,19,2,240.22
13566,Potential Loyalists,41,2,856.84
13568,Lost,173,1,187.05
13569,Recent Customers,17,2,337.12
13570,Lost,243,1,239.49
13571,Champions,13,12,2088.94
13572,Lost,206,1,1384.25
13573,Potential Loyalists,50,2,290.25
13575,Loyal Customers,23,5,732.0699999999999
13576,Champions,10,18,6717.34
13577,Loyal Customers,25,4,1687.6000000000001
13579,Recent Customers,15,2,467.04
13581,Lost,309,1,118.0
13583,Lost,156,1,781.03
13584,Lost,307,1,142.4
13587,Lost,64,1,712.4
13588,Champions,16,9,2478.95
13589,Recent Customers,15,2,379.65
13590,Champions,11,6,1981.92
13591,At Risk,65,3,1117.13
13592,Loyal Customers,36,4,247.95999999999998
13593,At Risk,108,5,2011.88
13594,Lost,53,1,396.97
13596,Recent Customers,6,2,664.11
13598,Potential Loyalists,47,1,160.04
13599,Champions,1,21,5149.92
13600,Lost,312,1,219.52
13601,Potential Loyalists,45,2,693.32
13602,Lost,65,1,428.89
13603,Potential Loyalists,26,1,164.34
13606,Loyal Customers,29,3,276.75
13607,Potential Loyalists,40,1,675.51
13610,Champions,12,7,1082.33
13611,At Risk,89,3,1154.4
13614,Loyal Customers,24,4,1585.46
13615,Lost,319,1,417.69
13617,Loyal Customers,40,3,544.18
13618,Lost,174,1,177.34
13621,Lost,117,1,213.85
13623,Loyal Customers,31,5,727.74
13626,Lost,253,1,257.23
13627,At Risk,59,5,1638.47
13629,Loyal Customers,23,11,7792.36
13630,Champions,5,7,2031.78
13631,At Risk,100,11,3070.42
13632,Loyal Customers,25,5,2118.93
13634,Loyal Customers,33,5,1547.3600000000001
13635,Lost,68,1,1071.03
13636,Loyal Customers,37,5,949.12
13637,At Risk,52,3,803.05
13638,Recent Customers,16,1,122.64
13639,Lost,74,1,1033.34
13642,Lost,216,1,312.28
13643,Loyal Customers,31,3,519.44
13644,Loyal Customers,16,4,2624.26
13645,Lost,120,1,252.1
13647,Loyal Customers,10,4,1648.1200000000001
13649,Lost,257,2,346.6
13650,Champions,17,6,1836.34
13651,Potential Loyalists,40,1,79.2
13652,Loyal Customers,46,3,1095.08
13654,Loyal Customers,43,6,2707.33
13655,At Risk,114,2,932.97
13656,Lost,165,2,379.65
13657,Recent Customers,11,2,382.14
13658,Champions,10,5,2639.17
13659,Lost,206,2,1563.0
13662,At Risk,86,3,881.26
13663,Lost,179,1,189.47
13666,At Risk,60,3,84.65
13667,Lost,149,1,299.05
13668,Champions,3,21,6309.83
13669,Potential Loyalists,51,2,218.55
13670,Lost,75,1,349.7
13672,Lost,301,2,186.39000000000001
13673,Potential Loyalists,19,2,387.44
13675,Lost,151,2,486.82000000000005
13678,Lost,152,1,232.6
13680,Loyal Customers,1,4,3719.12
13681,Loyal Customers,18,4,827.83
13682,Lost,187,1,59.5
13684,Lost,286,1,65.13
13685,Champions,3,7,3119.44
13686,Lost,183,1,72.0
13689,Lost,63,1,910.0
13690,Lost,59,1,172.25
13692,Loyal Customers,25,3,1488.32
13694,Champions,4,50,65039.62
13695,Loyal Customers,31,15,2504.13
13697,Potential Loyalists,39,1,151.29999999999998
13699,Lost,155,1,308.58000000000004
13700,Loyal Customers,26,10,2248.63
13703,Lost,318,1,99.5
13704,Champions,5,9,2308.06
13705,Loyal Customers,8,3,711.86
13706,Lost,303,1,330.79
13707,Lost,267,2,806.41
13708,Lost,271,1,283.33
13709,Champions,4,13,6307.650000000001
13710,Potential Loyalists,32,1,180.48
13711,Lost,219,2,252.06
13712,Lost,247,1,228.84
13715,Need Attention,281,5,1077.39
13716,Lost,269,1,138.28
13717,Loyal Customers,32,6,1445.01
13718,Lost,246,2,306.55
13719,Champions,15,5,1041.68
13720,At Risk,117,4,799.9
13721,Potential Loyalists,36,1,524.14
13722,At Risk,132,3,2375.41
13723,Lost,217,1,199.85000000000002
13725,Loyal Customers,50,8,1980.56
13726,Potential Loyalists,39,2,1079.6599999999999
13727,Potential Loyalists,29,2,333.48
13728,Loyal Customers,37,6,1016.14
13730,At Risk,136,2,752.6
13731,Lost,219,2,610.59
13732,Potential Loyalists,28,1,491.86
13735,Loyal Customers,25,4,2883.54
13736,Recent Customers,5,2,729.8
13737,Lost,200,1,339.59999999999997
13739,Recent Customers,18,1,216.9
13740,Lost,241,1,350.75
13741,At Risk,72,3,668.4300000000001
13742,Champions,17,12,3107.87
13743,Champions,3,7,1341.6
13744,At Risk,95,2,1080.52
13745,Lost,162,1,300.04
13747,Lost,374,1,79.6
13748,At Risk,96,5,948.25
13750,At Risk,54,5,1647.26
13751,Lost,288,1,296.25
13752,At Risk,124,6,1175.38
13753,Lost,288,1,741.26
13754,Lost,152,2,282.59999999999997
13755,Champions,4,9,2108.06
13756,Champions,2,14,5189.52
13758,Champions,12,7,3190.55
13759,Potential Loyalists,33,2,659.4100000000001
13760,At Risk,54,2,286.79
13761,Potential Loyalists,50,2,1070.65
13762,Lost,219,1,306.72
13763,Lost,63,1,1714.96
13764,At Risk,71,3,1516.42
13767,Champions,2,37,17220.36
13769,Champions,2,10,2796.51
13771,At Risk,64,4,2634.45
13772,Loyal Customers,34,3,1122.63
13774,Lost,82,1,345.0
13777,Champions,1,33,25977.16
13778,Lost,103,1,178.7
13780,Recent Customers,7,2,360.01
13781,Lost,251,1,127.84
13782,Champions,13,6,908.86
13784,Champions,10,11,2462.79
13786,Lost,367,1,230.39999999999998
13787,At Risk,76,2,309.04
13790,Recent Customers,4,1,348.8
13791,At Risk,128,2,1516.0
13792,At Risk,66,2,195.55
13798,Champions,1,57,37153.85
13799,At Risk,117,2,669.06
13800,Lost,310,1,558.32
13801,Lost,67,1,324.8
13802,At Risk,139,3,4599.42
13803,Lost,255,1,277.07
13804,Loyal Customers,31,7,2588.39
13805,At Risk,52,2,924.6
13806,Lost,64,1,256.38
13807,Lost,367,1,112.6
13808,Champions,6,5,1747.66
13809,Lost,305,1,155.05
13810,Potential Loyalists,29,2,827.51
13811,Lost,184,2,519.75
13812,Loyal Customers,42,3,485.0
13813,Loyal Customers,40,4,1168.8600000000001
13814,At Risk,92,2,1579.12
13815,Loyal Customers,22,4,3667.36
13816,Potential Loyalists,24,2,499.67
13817,Potential Loyalists,29,2,328.98
13819,Need Attention,302,3,1140.35
13821,Lost,145,2,385.64
13822,Recent Customers,6,2,632.0
13823,Potential Loyalists,19,2,957.66
13824,Loyal Customers,33,5,1698.94
13826,Lost,176,1,189.5
13827,At Risk,58,3,409.8
13828,Potential Loyalists,22,1,209.49
13831,Champions,16,6,2198.45
13832,Potential Loyalists,19,1,52.199999999999996
13833,Lost,159,1,383.85
13835,Loyal Customers,25,4,834.57
13837,Lost,212,2,266.59000000000003
13838,Loyal Customers,6,4,674.82
13841,Lost,253,1,85.0
13842,At Risk,59,9,3385.62
13844,Recent Customers,11,1,361.62
13845,Lost,65,1,312.98
13846,Loyal Customers,25,3,865.0600000000001
13848,At Risk,92,3,1255.0
13849,At Risk,52,2,1537.95
13850,Lost,129,1,1595.48
13851,At Risk,96,3,2651.46
13853,Lost,57,1,1090.14
13854,Champions,9,25,8109.5199999999995
13856,Need Attention,169,3,388.5
13858,Lost,57,1,216.17
13859,Lost,326,1,201.16
13860,Champions,1,5,1245.9
13862,Champions,18,8,2209.36
13863,Lost,248,1,305.78
13865,At Risk,58,4,501.56
13866,Lost,74,1,145.67000000000002
13867,Loyal Customers,31,3,1005.09
13868,Recent Customers,7,2,3192.54
13869,At Risk,123,4,3083.65
13870,Champions,2,8,2770.94
13871,Loyal Customers,23,13,6403.25
13873,At Risk,120,3,389.6
13874,Lost,358,1,540.45
13875,At Risk,54,5,1786.79
13876,Lost,64,1,122.7
13877,Lost,86,1,117.24
13878,Lost,55,1,1271.57
13880,Loyal Customers,21,13,3219.77
13881,Champions,4,20,17159.52
13882,Champions,3,5,1191.13
13883,Champions,11,5,2674.48
13884,Champions,7,5,787.6
13885,Lost,189,2,506.8
13886,Lost,71,1,243.56
13887,Lost,204,1,349.55
13888,At Risk,120,2,595.67
13889,Lost,93,1,416.90000000000003
13890,Champions,1,10,1883.8100000000002
13892,Loyal Customers,27,4,632.97
13893,Lost,298,1,821.1
13894,Loyal Customers,24,3,564.62
13895,Loyal Customers,28,4,2593.07
13897,Potential Loyalists,50,1,311.16
13898,Lost,326,1,155.93
13899,Recent Customers,16,2,388.52
13900,Need Attention,183,3,740.95
13901,At Risk,72,5,2867.2
13904,Potential Loyalists,37,2,332.64
13908,At Risk,80,4,2369.55
13911,At Risk,57,9,2580.91
13914,Recent Customers,12,2,626.45
13917,Potential Loyalists,50,2,272.04
13918,Potential Loyalists,50,2,1212.8400000000001
13919,At Risk,59,2,348.81
13922,Lost,352,1,172.25
13923,Lost,54,1,351.13
13924,Champions,2,6,1838.8500000000001
13925,At Risk,93,4,678.25
13926,Potential Loyalists,23,1,223.85000000000002
13927,Lost,75,1,348.99
13928,Loyal Customers,11,4,464.57
13929,Lost,169,2,842.65
13930,At Risk,58,2,337.34
13931,At Risk,96,2,1237.53
13932,Lost,295,1,307.4
13933,At Risk,109,2,608.7900000000001
13934,Lost,264,1,922.1
13936,Lost,180,1,376.58
13937,Lost,169,1,158.85
13938,Potential Loyalists,35,1,71.66
13939,Loyal Customers,23,3,568.55
13940,Loyal Customers,17,4,839.14
13941,Loyal Customers,22,5,5112.96
13946,At Risk,79,3,561.5699999999999
13947,Lost,65,1,90.6
13948,Lost,361,1,102.0
13949,Champions,3,6,2427.32
13950,Loyal Customers,11,4,745.06
13951,Need Attention,176,3,674.45
13952,Lost,218,2,3251.071
13953,Champions,7,7,3515.68
13954,Recent Customers,2,2,439.92
13955,Lost,154,2,322.96
13956,Champions,5,5,1019.27
13959,At Risk,79,3,594.04
13960,Potential Loyalists,21,2,230.22
13962,Potential Loyalists,22,2,169.55
13963,Need Attention,308,4,664.54
13967,Lost,146,1,80.7
13969,Champions,7,18,9024.17
13971,Loyal Customers,19,8,2758.26
13972,At Risk,71,2,190.25
13973,Lost,287,1,264.7
13974,Potential Loyalists,49,1,413.59000000000003
13975,Loyal Customers,31,6,2461.2400000000002
13976,Lost,207,1,357.98
13978,Recent Customers,15,2,196.79000000000002
13979,Lost,73,1,869.87
13980,Lost,60,1,200.14
13982,Loyal Customers,39,4,1871.81
13983,Loyal Customers,30,12,2603.43
13984,Loyal Customers,27,5,920.51
13985,Champions,4,15,7060.13
13986,Recent Customers,17,1,320.46
13988,Loyal Customers,20,6,4147.96
13989,At Risk,66,2,1266.08
13990,Lost,213,1,311.3
13991,Champions,12,6,851.88
13992,Potential Loyalists,30,1,76.8
13993,Loyal Customers,43,9,3466.36
13994,Champions,4,6,2274.14
13995,Champions,15,5,1393.69
13999,Champions,10,12,3901.81
14000,Lost,211,1,635.66
14001,Loyal Customers,46,3,2043.0800000000002
14002,At Risk,134,2,529.73
14004,Loyal Customers,43,7,4582.64
14005,Champions,10,5,2874.72
14006,At Risk,116,3,962.19
14009,Lost,198,2,695.61
14012,Lost,278,1,328.8
14013,At Risk,110,3,473.02
14014,Lost,77,1,505.18
14015,Lost,53,1,917.34
14016,Need Attention,162,4,4341.21
14019,Loyal Customers,47,3,1421.61
14020,Recent Customers,17,2,642.8
14021,Need Attention,155,3,631.9
14022,Lost,225,1,440.0
14023,Recent Customers,7,2,584.07
14024,At Risk,122,2,327.7
14027,Lost,61,1,104.82
14029,At Risk,63,2,467.66
14030,Champions,18,8,2358.84
14031,Champions,7,19,17286.86
14032,Champions,2,11,2975.59
14034,Loyal Customers,22,3,648.89
14035,Loyal Customers,29,5,1428.02
14036,Lost,285,1,626.65
14037,Lost,176,2,147.20000000000002
14038,At Risk,78,3,1560.38
14039,Potential Loyalists,33,1,152.2
14040,Loyal Customers,41,12,3560.32
14041,Lost,266,1,141.41
14044,Loyal Customers,27,4,646.42
14045,At Risk,109,4,1659.75
14046,Lost,284,1,151.59
14047,Champions,9,5,1308.6100000000001
14048,Lost,305,1,409.93
14049,Loyal Customers,17,4,5578.72
14050,Potential Loyalists,32,2,746.36
14051,Champions,1,23,15610.390000000001
14052,Potential Loyalists,20,1,225.36
14053,At Risk,124,2,260.25
14054,Lost,65,1,92.46
14055,Lost,106,1,725.6400000000001
14056,Champions,1,23,8152.71
14057,Loyal Customers,24,17,6211.66
14059,Lost,267,1,183.6
14060,Champions,5,19,6140.42
14062,Champions,10,12,10464.85
14064,Loyal Customers,29,5,1334.34
14066,Lost,267,1,152.55
14067,At Risk,64,2,374.7
14068,Lost,320,1,265.85
14071,Champions,4,8,1422.75
14073,Potential Loyalists,32,1,151.04
14075,Loyal Customers,5,3,942.26
14076,Lost,129,1,118.67
14077,Loyal Customers,41,5,499.41999999999996
14078,At Risk,102,6,1049.37
14079,Lost,125,1,375.1
14080,Potential Loyalists,33,1,45.599999999999994
14081,Lost,302,2,921.62
14082,Lost,365,1,182.25
14083,Champions,4,9,1002.9
14085,Champions,2,18,4421.29
14087,Recent Customers,3,1,191.47
14088,Champions,10,13,50491.81
14089,Lost,57,1,158.75
14090,Lost,325,1,76.32000000000001
14092,Champions,8,14,4076.91
14093,Recent Customers,12,1,433.86
14096,Champions,4,17,53258.43
14098,Potential Loyalists,37,1,147.35
14099,Champions,16,11,3104.17
14100,Lost,138,1,191.95000000000002
14101,At Risk,74,6,5976.79
14102,Champions,5,5,1105.8799999999999
14104,Lost,155,2,216.20999999999998
14105,Lost,239,1,1266.23
14107,At Risk,52,7,2703.23
14108,Potential Loyalists,31,2,597.91
14109,Lost,73,1,144.2
14110,Champions,4,12,5683.15
14111,Loyal Customers,14,4,692.85
14112,Loyal Customers,23,7,2915.15
14113,Loyal Customers,4,4,1840.42
14114,Lost,274,2,386.53
14116,Loyal Customers,20,5,1382.74
14117,Lost,144,1,90.0
14121,Loyal Customers,4,4,2780.15
14124,Lost,84,1,419.58000000000004
14125,Loyal Customers,11,3,2720.63
14126,Loyal Customers,8,3,706.1300000000001
14127,At Risk,123,3,709.71
14128,At Risk,61,2,637.5
14129,Champions,2,5,1123.8600000000001
14130,Lost,319,1,480.91
14132,Champions,2,11,3586.0299999999997
14133,At Risk,130,3,605.64
14135,Champions,2,15,4690.31
14138,Recent Customers,2,2,965.8800000000001
14139,Potential Loyalists,46,1,415.82
14140,Recent Customers,4,2,935.05
14141,Loyal Customers,3,4,915.13
14142,Lost,373,1,311.81
14143,Lost,134,1,115.8
14145,Loyal Customers,47,4,3742.2
14146,Champions,9,5,4191.0
14147,At Risk,78,2,483.4
14148,Lost,234,1,157.2
14149,Lost,221,1,446.62
14150,Potential Loyalists,36,2,658.64
14152,At Risk,75,2,621.29
14154,Lost,239,2,1345.62
14155,Lost,266,1,118.75
14156,Champions,10,55,117210.08
14157,Potential Loyalists,20,2,424.89000000000004
14158,Potential Loyalists,40,1,507.66
14159,Loyal Customers,20,11,4627.98
14161,Need Attention,216,3,1097.6200000000001
14162,Lost,174,2,289.36
14163,At Risk,87,4,2445.91
14164,At Risk,71,2,1631.77
14165,Lost,276,1,120.44
14167,Loyal Customers,39,4,562.59
14171,Lost,98,1,363.79
14173,Loyal Customers,11,4,450.84
14174,Potential Loyalists,33,1,134.46
14175,At Risk,60,3,3222.3
14176,Need Attention,297,4,576.9000000000001
14177,At Risk,86,4,549.46
14178,Champions,9,7,1580.26
14179,Potential Loyalists,41,2,701.57
14180,Champions,11,25,4748.52
14184,Lost,67,1,452.89
14185,Lost,331,1,197.65
14188,Loyal Customers,31,6,2054.36
14189,Champions,2,15,4654.08
14191,Champions,2,13,4684.76
14193,At Risk,68,2,853.39
14194,Champions,5,21,11349.52
14195,Lost,202,2,1012.0
14196,Lost,107,1,335.52
14198,Loyal Customers,18,4,701.4
14199,Lost,218,1,185.39999999999998
14201,At Risk,60,7,747.44
14204,Recent Customers,2,1,150.61
14205,Recent Customers,17,2,466.7
14206,Lost,239,1,328.15999999999997
14208,Lost,95,1,151.74
14209,Champions,11,6,2073.43
14210,At Risk,106,6,1905.8400000000001
14211,At Risk,53,9,2241.1
14212,Lost,90,1,1070.48
14214,Loyal Customers,31,5,1004.38
14215,Champions,12,6,1789.72
14216,Loyal Customers,3,4,1839.3
14217,Champions,2,17,2004.98
14218,Potential Loyalists,43,1,169.48000000000002
14219,Recent Customers,4,1,89.94
14220,Lost,247,2,632.4
14221,Loyal Customers,42,9,3432.8
14222,Lost,177,1,683.17
14223,At Risk,92,3,991.13
14224,At Risk,110,4,1009.73
14226,Loyal Customers,29,5,2214.79
14227,Loyal Customers,26,10,3350.96
14229,At Risk,52,3,1547.2
14231,Need Attention,184,3,925.71
14232,Loyal Customers,43,5,2048.07
14233,Loyal Customers,49,4,1462.72
14234,Loyal Customers,22,4,754.12
14235,At Risk,75,5,3144.86
14236,At Risk,81,2,490.86
14237,Lost,373,1,161.0
14238,Lost,326,1,146.85
14239,Loyal Customers,43,11,2380.85
14240,Potential Loyalists,30,2,890.34
14241,Lost,184,1,213.70000000000002
14242,Lost,235,2,280.55
14243,Champions,9,10,2588.77
14245,Lost,220,2,1693.45
14246,At Risk,111,3,1474.06
14247,Lost,278,1,136.76999999999998
14248,Lost,318,1,302.58
14250,Loyal Customers,7,3,1904.05
14251,Champions,2,5,2879.7000000000003
14256,Lost,260,2,969.0600000000001
14257,At Risk,64,5,3099.7200000000003
14258,Champions,9,9,12669.98
14259,Lost,142,1,120.0
14261,Potential Loyalists,51,2,1163.45
14262,Champions,8,8,2618.23
14264,Lost,155,2,333.97
14265,At Risk,109,2,530.18
14267,Need Attention,163,3,1516.24
14270,Lost,332,1,492.65000000000003
14271,Lost,226,1,112.32
14272,At Risk,74,2,437.96
14273,Loyal Customers,51,4,559.97
14276,At Risk,99,3,1119.74
14277,Loyal Customers,15,3,4152.0
14280,Lost,197,1,134.04
14282,Champions,3,15,3701.44
14284,Potential Loyalists,31,2,595.25
14285,Loyal Customers,21,4,1910.01
14286,Loyal Customers,24,3,4628.75
14287,Loyal Customers,8,3,176.63
14288,Lost,213,1,426.6
14289,Champions,9,6,911.26
14290,Champions,11,5,2314.65
14291,Champions,2,11,3883.25
14292,Champions,8,9,4871.93
14293,Loyal Customers,3,4,1046.56
14295,Potential Loyalists,40,1,166.20000000000002
14297,Loyal Customers,18,4,1305.33
14298,Champions,8,44,51527.3
14299,Champions,8,9,3965.62
14300,Potential Loyalists,19,1,43.2
14301,Lost,117,1,640.14
14304,Lost,223,1,383.45
14305,At Risk,71,3,1858.96
14306,Potential Loyalists,51,2,2093.32
14307,At Risk,89,6,2995.72
14309,Champions,8,9,2352.53
14311,Lost,243,1,310.26
14312,Loyal Customers,47,6,1611.59
14314,Lost,107,1,120.0
14315,Loyal Customers,45,6,2481.13
14317,Lost,65,1,508.58000000000004
14320,Lost,207,2,477.79
14321,Champions,11,5,1530.75
14323,At Risk,115,2,605.0600000000001
14326,Lost,242,1,183.85
14327,Lost,163,1,311.65
14329,Champions,17,7,4975.24
14331,At Risk,124,2,462.65999999999997
14332,Loyal Customers,23,3,840.21
14333,Lost,68,1,415.2
14334,Champions,17,8,2552.21
14335,Recent Customers,16,2,454.86
14336,Loyal Customers,17,4,1614.91
14338,Lost,161,2,588.22
14339,Lost,243,1,309.52
14340,Lost,219,1,134.7
14341,Loyal Customers,45,8,2166.98
14342,Loyal Customers,21,4,668.5600000000001
14344,At Risk,127,8,889.9300000000001
14345,Potential Loyalists,39,1,108.97999999999999
14346,At Risk,121,2,1021.58
14348,Lost,260,1,409.57
14349,Recent Customers,10,1,133.5
14350,Lost,274,1,282.93
14351,Lost,165,1,51.0
14352,Need Attention,157,4,1078.96
14353,Lost,215,1,90.6
14354,Recent Customers,6,2,163.62
14355,Lost,366,1,174.4
14356,At Risk,80,2,701.23
14357,Potential Loyalists,43,1,225.12
14359,Loyal Customers,19,3,912.18
14360,Loyal Customers,32,4,2118.03
14362,Potential Loyalists,22,1,151.5
14364,At Risk,109,8,3717.35
14367,Champions,8,16,9227.82
14368,Lost,320,1,155.0
14371,Lost,295,1,100.5
14373,Lost,358,1,76.55
14375,Lost,185,1,235.56
14377,Lost,191,2,617.05
14379,Potential Loyalists,44,2,348.1
14381,Lost,52,1,202.68
14382,Potential Loyalists,26,1,615.49
14383,Loyal Customers,38,3,1247.69
14385,Loyal Customers,9,3,202.11
14386,Lost,297,1,142.4
14387,Loyal Customers,33,3,1727.6
14388,Champions,10,8,3212.84
14389,At Risk,65,2,1043.46
14390,Champions,10,9,4642.57
14393,Lost,218,1,67.95
14395,Champions,2,9,3479.91
14396,At Risk,65,2,487.99
14397,Champions,3,19,2612.96
14400,Lost,149,1,574.7
14401,Champions,4,13,4051.48
14403,At Risk,130,4,1475.81
14404,Loyal Customers,34,6,1449.32
14406,Lost,119,1,156.75
14407,At Risk,107,5,2142.73
14408,Champions,11,7,2599.03
14409,At Risk,71,6,2059.4500000000003
14410,At Risk,92,9,1099.27
14411,Lost,311,1,1063.0
14412,Potential Loyalists,43,2,770.03
14413,Lost,362,1,121.05
14414,At Risk,92,7,1496.98
14415,Champions,1,13,5855.57
14416,Potential Loyalists,22,2,490.22
14418,Loyal Customers,4,3,1937.25
14419,Champions,11,6,1051.79
14420,Lost,99,1,387.52
14421,At Risk,57,2,813.11
14422,Champions,1,6,4263.64
14423,Lost,218,1,265.2
14424,Recent Customers,18,1,322.08
14426,Loyal Customers,24,10,4481.67
14427,Potential Loyalists,50,2,363.34000000000003
14428,Champions,7,5,1224.06
14431,Lost,303,1,470.36
14432,Champions,10,6,2248.5
14434,Loyal Customers,22,6,1372.8
14436,Lost,99,1,89.06
14437,Lost,366,1,63.0
14438,Lost,306,1,131.9
14439,Lost,320,1,2661.24
14440,Champions,8,5,2357.6800000000003
14441,Loyal Customers,1,4,1712.89
14442,Lost,205,2,1589.82
14443,At Risk,54,4,1420.2
14446,Loyal Customers,1,4,1005.55
14447,Loyal Customers,19,5,1163.23
14448,Recent Customers,9,2,375.35
14449,Loyal Customers,19,4,885.8
14450,Need Attention,181,3,483.25
14451,At Risk,60,2,643.9
14452,Recent Customers,11,2,259.05
14453,Lost,190,1,119.93
14456,Champions,5,9,3014.32
14457,Lost,311,1,113.64
14459,Lost,155,1,1837.92
14460,At Risk,110,3,434.34
14461,Need Attention,148,3,2102.67
14462,At Risk,66,11,1975.57
14463,At Risk,98,3,529.62
14465,Need Attention,247,3,1038.44
14466,Loyal Customers,29,7,2272.4
14467,Loyal Customers,18,4,596.26
14470,Recent Customers,12,2,461.19
14472,At Risk,104,8,1852.67
14473,At Risk,74,2,234.34000000000003
14474,Potential Loyalists,46,1,547.66
14475,At Risk,72,3,925.85
14476,Lost,257,1,193.0
14477,Loyal Customers,20,4,1309.6
14479,Lost,254,2,316.25
14480,Recent Customers,11,1,279.05
14481,Lost,165,2,636.51
14482,Champions,18,6,2022.81
14483,Lost,282,1,137.1
14484,Potential Loyalists,50,1,321.92
14485,Potential Loyalists,39,1,162.8
14487,Loyal Customers,27,6,1165.48
14488,Lost,68,1,1064.28
14489,Lost,207,1,463.38
14491,Lost,175,2,340.93
14493,Champions,7,5,2383.2400000000002
14494,Potential Loyalists,26,1,139.56
14495,Potential Loyalists,51,2,123.8
14496,Lost,312,2,538.8100000000001
14497,Lost,309,1,475.37
14498,Loyal Customers,43,5,1957.32
14499,Loyal Customers,26,3,808.44
14500,At Risk,88,3,356.85
14501,Lost,184,2,251.21
14502,Loyal Customers,20,11,2426.79
14503,Champions,3,6,3543.26
14504,Loyal Customers,47,4,673.26
14505,Champions,17,8,5859.43
14506,Champions,17,5,1960.65
14507,Loyal Customers,24,6,1367.88
14508,Potential Loyalists,22,2,268.05
14511,Champions,11,5,1314.81
14512,Lost,188,2,275.28
14513,At Risk,101,3,455.59000000000003
14514,At Risk,61,3,990.2
14515,Champions,18,6,2076.89
14517,Potential Loyalists,33,2,330.45
14518,Lost,64,1,174.37
14520,Recent Customers,2,2,270.6
14522,Loyal Customers,24,4,974.54
14523,Lost,108,1,241.09
14524,Loyal Customers,32,9,1843.83
14525,Loyal Customers,20,9,4215.9
14527,Champions,3,55,8506.13
14528,Potential Loyalists,37,1,364.21999999999997
14529,At Risk,60,3,578.61
14530,Loyal Customers,26,6,2862.11
14532,Need Attention,236,4,932.85
14533,Loyal Customers,25,7,1949.72
14534,Champions,3,18,4395.65
14535,At Risk,60,3,2854.84
14536,Lost,260,1,170.95
14537,Lost,58,1,355.56
14538,At Risk,65,2,388.25
14539,Recent Customers,16,2,537.48
14540,Loyal Customers,10,3,952.66
14541,At Risk,59,8,1453.35
14542,Lost,186,1,103.25
14543,Loyal Customers,29,16,3560.08
14544,Potential Loyalists,24,2,2004.3
14546,Champions,5,5,2573.93
14547,Champions,4,8,3974.75
14548,Lost,151,2,652.8
14549,Lost,311,1,289.24
14550,Recent Customers,11,2,757.37
14551,Recent Customers,18,2,186.23
14552,Lost,152,1,164.22
14553,Loyal Customers,19,5,859.27
14554,Loyal Customers,10,4,2279.4900000000002
14555,At Risk,57,2,312.54
14557,Lost,85,1,788.38
14560,Champions,7,22,2237.77
14561,At Risk,76,3,1080.76
14562,Champions,4,18,5006.77
14565,At Risk,96,4,3099.12
14566,Lost,111,1,1432.0
14567,At Risk,57,2,1530.3600000000001
14569,Recent Customers,1,1,227.39
14570,Lost,281,2,217.21
14572,Champions,3,7,2804.54
14573,Need Attention,180,9,1639.82
14576,Lost,372,1,35.400000000000006
14577,Loyal Customers,13,4,859.71
14578,Recent Customers,3,1,168.63
14581,Recent Customers,17,1,138.6
14582,Potential Loyalists,41,1,114.11
14583,Champions,6,5,986.96
14584,Need Attention,169,4,1033.06
14585,Potential Loyalists,50,1,157.05
14586,Lost,277,1,237.36
14587,Loyal Customers,19,9,1580.29
14589,Lost,372,1,39.75
14591,Loyal Customers,15,4,1320.21
14592,Loyal Customers,35,3,557.94
14593,Loyal Customers,22,3,617.15
14594,Recent Customers,7,2,363.33
14595,Loyal Customers,20,6,1740.6
14597,Recent Customers,11,2,866.24
14598,Potential Loyalists,44,1,221.97
14600,Lost,306,1,393.33000000000004
14601,Recent Customers,11,1,213.96
14603,Lost,275,1,660.0
14606,Champions,1,90,11926.15
14607,Champions,16,12,15021.5
14608,Loyal Customers,4,4,1785.15
14609,At Risk,72,4,601.56
14616,Need Attention,243,3,406.08000000000004
14618,Loyal Customers,9,3,553.44
14619,Lost,246,1,394.44
14620,Lost,206,2,412.78000000000003
14621,Champions,1,5,1788.3600000000001
14622,Lost,185,1,320.58000000000004
14623,Loyal Customers,32,5,882.02
14624,At Risk,57,2,225.85
14625,Lost,196,2,899.63
14626,Loyal Customers,24,4,2791.27
14628,At Risk,91,2,671.96
14629,Recent Customers,4,2,955.26
14631,Loyal Customers,51,3,1006.98
14632,Lost,263,1,114.56
14633,Lost,266,1,344.90000000000003
14636,Potential Loyalists,36,2,609.85
14638,Potential Loyalists,51,1,443.6
14639,At Risk,52,6,2984.49
14640,Loyal Customers,24,6,2107.38
14641,Potential Loyalists,22,1,110.46
14642,Lost,59,1,96.12
14643,Lost,170,2,693.8100000000001
14644,At Risk,68,2,830.76
14645,Lost,157,2,597.09
14646,Champions,2,72,279138.02
14647,Lost,201,1,236.04000000000002
14649,Loyal Customers,5,4,1402.59
14651,At Risk,67,2,653.75
14652,Lost,77,1,114.18
14653,Champions,1,7,1916.7
14655,Loyal Customers,8,4,1932.23
14656,Lost,169,2,291.05
14657,Loyal Customers,18,4,848.22
14658,Recent Customers,5,2,247.15
14659,Champions,9,9,2529.93
14660,At Risk,87,2,285.74
14661,Potential Loyalists,27,1,107.95
14662,Loyal Customers,29,4,741.37
14664,Potential Loyalists,20,2,636.24
14665,At Risk,61,5,1835.7
14666,Potential Loyalists,24,1,179.95
14667,Champions,11,25,9170.79
14669,Need Attention,242,3,1259.24
14670,Lost,280,2,392.86
14672,Lost,235,2,765.55
14673,Champions,3,5,1736.4
14675,Recent Customers,16,1,596.36
14676,Loyal Customers,31,6,2548.2400000000002
14680,Loyal Customers,25,16,28754.11
14681,At Risk,71,3,498.95
14682,Lost,188,2,52.0
14684,Loyal Customers,26,5,1201.51
14687,Lost,107,1,628.38
14688,Champions,8,21,5579.1
14689,Lost,209,1,112.8
14690,Potential Loyalists,44,2,355.05
14691,Loyal Customers,31,5,2114.33
14692,At Risk,137,4,591.55
14693,Lost,265,1,172.9
14696,Champions,4,7,2078.95
14697,Lost,218,2,188.60999999999999
14698,Champions,2,5,1217.27
14699,Lost,214,1,109.13000000000001
14700,Loyal Customers,32,3,2195.1
14701,Champions,11,9,2526.09
14702,Champions,1,17,3251.79
14703,Recent Customers,15,1,318.17
14704,Loyal Customers,20,7,1461.6200000000001
14705,Lost,199,1,179.0
14708,Loyal Customers,3,3,1126.37
14709,Champions,15,13,4921.04
14710,Loyal Customers,14,4,599.48
14711,Champions,10,11,2839.62
14712,Loyal Customers,29,3,917.07
14713,Champions,9,11,2662.2
14714,Potential Loyalists,24,1,160.19
14715,Loyal Customers,25,4,867.38
14716,Potential Loyalists,43,2,307.51
14719,Champions,2,5,1581.84
14720,Loyal Customers,6,3,663.81
14722,Lost,147,1,180.42000000000002
14723,Champions,10,6,1120.66
14725,Potential Loyalists,25,1,655.58
14727,Lost,274,1,268.58
14729,Lost,374,1,313.49
14730,Champions,1,8,1897.57
14731,Loyal Customers,47,3,380.02
14732,Champions,8,8,2702.4900000000002
14733,Champions,16,12,9585.91
14735,Champions,4,31,6050.69
14737,Loyal Customers,4,3,1164.55
14738,Loyal Customers,43,7,1314.45
14739,Champions,4,7,3902.28
14740,Need Attention,197,3,1448.21
14741,Champions,12,6,1400.34
14744,Champions,16,7,1099.98
14745,At Risk,113,5,1220.26
14747,Lost,249,1,328.2
14748,Loyal Customers,29,5,1415.75
14752,Potential Loyalists,44,1,389.64
14753,Lost,87,1,563.15
14754,Potential Loyalists,45,2,638.05
14755,Champions,10,11,5010.28
14756,Recent Customers,15,1,738.96
14757,Lost,75,1,420.5
14758,Need Attention,145,4,1484.06
14759,Loyal Customers,5,3,1625.97
14760,Lost,297,1,89.2
14761,At Risk,59,2,255.9
14762,Lost,264,1,300.52
14764,Potential Loyalists,47,1,278.3
14765,Loyal Customers,29,3,254.11
14766,Champions,8,6,2473.37
14768,Recent Customers,17,2,192.60000000000002
14769,Champions,3,8,10415.33
14770,Lost,232,2,876.42
14772,Lost,112,1,139.26
14775,At Risk,58,3,1011.9
14776,Loyal Customers,51,11,2538.3
14778,At Risk,127,2,730.86
14779,Need Attention,281,3,386.15
14780,At Risk,55,2,447.68
14782,Lost,320,1,200.10000000000002
14784,Potential Loyalists,26,2,289.99
14785,Recent Customers,10,2,77.4
14788,Recent Customers,7,2,679.4399999999999
14789,Potential Loyalists,29,1,197.64
14790,Loyal Customers,17,4,745.06
14792,Lost,64,1,6.2
14793,Potential Loyalists,21,1,228.99
14794,Champions,3,7,1319.91
14795,Lost,166,1,131.45000000000002
14796,Champions,1,17,7973.93
14798,At Risk,53,3,173.74
14799,Potential Loyalists,51,1,157.7
14800,Loyal Customers,48,12,4331.79
14801,Lost,61,1,189.34
14803,Need Attention,162,3,845.55
14804,Recent Customers,9,1,353.27
14805,Loyal Customers,15,4,546.4
14806,Lost,75,1,193.39000000000001
14808,Loyal Customers,40,8,2718.6
14810,Loyal Customers,41,11,2085.33
14813,Lost,370,2,152.88
14815,Potential Loyalists,37,2,778.5
14816,Lost,197,1,271.85
14817,Lost,200,2,1110.34
14818,At Risk,74,3,657.8
14819,At Risk,64,2,272.07
14820,Loyal Customers,21,4,507.29
14821,Lost,367,1,48.800000000000004
14823,Need Attention,180,3,321.43
14824,Loyal Customers,10,4,1127.71
14825,Champions,4,12,2221.01
14828,Need Attention,197,3,2139.76
14829,Loyal Customers,29,4,697.55
14830,Lost,53,1,188.03
14834,Champions,18,6,1720.3
14836,Loyal Customers,10,3,102.44999999999999
14837,At Risk,90,4,1649.5
14840,Lost,268,1,62.85
14841,At Risk,53,6,3295.76
14842,Loyal Customers,44,4,2824.69
14844,At Risk,64,4,3189.81
14847,Lost,149,1,309.4
14849,Loyal Customers,22,25,7930.54
14850,Lost,312,1,325.75
14851,Potential Loyalists,23,2,511.35
14852,At Risk,58,6,2836.69
14853,Potential Loyalists,24,2,475.8
14854,At Risk,78,7,2740.03
14855,At Risk,119,2,645.65
14856,Loyal Customers,36,3,1290.53
14857,At Risk,60,2,1173.12
14859,Loyal Customers,13,4,1353.74
14860,Potential Loyalists,19,1,170.32
14861,Lost,52,1,125.79
14862,Potential Loyalists,26,2,841.1999999999999
14863,Potential Loyalists,29,1,266.76
14865,Recent Customers,7,2,52.2
14866,Champions,11,11,14353.4
14867,Need Attention,186,3,710.28
14868,Champions,3,8,2953.59
14869,Recent Customers,9,2,721.45
14870,Lost,262,1,327.25
14871,Loyal Customers,3,4,501.28000000000003
14873,Lost,210,1,519.68
14875,At Risk,108,2,1465.3200000000002
14878,Champions,13,9,1476.09
14880,At Risk,77,3,690.59
14881,Potential Loyalists,20,1,255.4
14882,Potential Loyalists,27,2,589.7
14883,Loyal Customers,19,6,761.59
14885,Lost,132,1,765.3199999999999
14886,Lost,253,1,364.8
14887,Lost,79,1,1862.0
14888,Lost,207,1,369.2
14889,Lost,336,1,135.9
14890,Lost,254,1,125.65
14891,Lost,148,2,554.38
14893,Recent Customers,10,2,1237.8500000000001
14894,Lost,85,1,655.75
14895,Champions,8,20,11138.710000000001
14896,Lost,205,2,468.77000000000004
14897,Loyal Customers,8,4,1366.38
14898,Loyal Customers,23,6,1269.31
14901,Champions,11,9,1421.29
14902,Potential Loyalists,26,1,332.66
14903,Loyal Customers,21,5,2795.33
14904,Recent Customers,2,2,1025.44
14905,Lost,158,2,616.15
14907,Champions,3,7,3501.1
14908,Lost,74,1,277.8
14910,Loyal Customers,3,4,434.35
14911,Champions,1,199,140336.83
14912,Recent Customers,17,2,867.85
14913,Loyal Customers,36,4,1227.43
14915,At Risk,91,2,307.48
14916,At Risk,71,4,1268.98
14918,At Risk,116,2,1610.15
14920,Lost,213,2,977.77
14921,Potential Loyalists,30,2,1316.07
14923,Potential Loyalists,51,1,749.1
14924,Lost,246,1,310.05
14929,Potential Loyalists,32,1,223.88
14930,At Risk,109,3,2362.96
14931,Loyal Customers,5,4,964.6800000000001
14932,Lost,366,1,363.53
14934,At Risk,82,2,1890.94
14935,Lost,297,1,1784.71
14936,Loyal Customers,34,8,8137.02
14937,At Risk,57,3,1621.88
14944,Loyal Customers,30,12,5900.25
14946,Recent Customers,14,1,100.9
14947,At Risk,72,2,290.82
14948,Loyal Customers,23,6,1101.97
14950,Potential Loyalists,19,1,371.2
14951,Lost,79,1,311.69
14952,At Risk,60,11,8099.49
14953,Potential Loyalists,25,1,285.67
14954,Recent Customers,12,1,294.85
14957,Lost,253,1,58.49
14958,Need Attention,147,3,483.72999999999996
14959,At Risk,64,4,695.42
14960,Recent Customers,8,2,221.27
14961,Champions,11,9,7044.68
14962,Lost,271,1,126.7
14963,Champions,10,5,1472.34
14964,Lost,247,1,206.21
14965,At Risk,96,2,596.09
14966,Recent Customers,15,1,183.02
14967,Potential Loyalists,50,1,463.8
14968,Potential Loyalists,30,1,147.59
14970,At Risk,68,4,1592.06
14971,Loyal Customers,35,3,1097.98
14972,Lost,128,1,114.77
14973,At Risk,107,3,1314.45
14974,Potential Loyalists,37,1,89.94
14975,Lost,57,1,279.94
14976,At Risk,57,6,774.86
14978,At Risk,72,5,1921.3700000000001
14981,Lost,246,1,102.12
14984,Potential Loyalists,19,2,202.37
14985,Lost,198,2,292.01
14987,Recent Customers,16,2,326.4
14988,Lost,212,1,334.54
14995,Potential Loyalists,39,2,231.98000000000002
14997,Loyal Customers,46,3,546.1999999999999
14998,Lost,170,2,414.87
15000,Potential Loyalists,48,1,490.52
15002,At Risk,116,4,1641.76
15004,Lost,147,1,1220.38
15005,Champions,16,28,6293.67
15006,Potential Loyalists,51,1,475.43
15007,Lost,159,1,156.91
15009,Loyal Customers,12,3,1259.43
15010,Potential Loyalists,36,1,308.94
15012,At Risk,54,2,405.04
15014,Potential Loyalists,43,2,257.67
15016,Lost,173,1,170.04
15017,Potential Loyalists,34,1,125.58
15018,Loyal Customers,39,3,496.21000000000004
15019,Lost,267,1,252.81
15021,Champions,9,9,1871.77
15022,Loyal Customers,12,4,852.39
15023,Champions,3,11,6701.51
15024,Champions,10,10,1636.43
15025,Potential Loyalists,33,1,361.96
15026,At Risk,80,3,464.2
15027,Loyal Customers,31,4,1066.1499999999999
15028,Loyal Customers,8,4,627.13
15030,At Risk,72,2,518.28
15031,Loyal Customers,4,4,653.19
15032,Need Attention,256,3,4959.1
15033,Champions,5,10,2553.88
15034,Champions,16,8,4274.16
15035,Lost,90,1,252.73000000000002
15036,At Risk,72,3,429.56
15038,At Risk,59,6,685.74
15039,Champions,10,47,19766.59
15041,Lost,170,1,179.93
15042,Lost,199,1,135.93
15043,Potential Loyalists,31,1,537.0
15044,Loyal Customers,19,17,7634.7300000000005
15045,Lost,152,2,735.66
15046,Champions,9,15,5071.47
15047,Lost,270,1,343.62
15048,At Risk,65,4,381.0
15049,Lost,274,1,121.17000000000002
15050,Loyal Customers,25,3,1737.69
15051,Loyal Customers,23,3,1383.3600000000001
15052,Lost,319,1,207.73000000000002
15053,Loyal Customers,5,3,693.95
15054,Recent Customers,12,2,302.1
15057,Lost,275,2,1489.5
15058,Loyal Customers,25,11,2102.54
15059,Loyal Customers,41,9,1337.72
15060,Loyal Customers,8,4,293.0
15061,Champions,4,48,54534.14
15062,At Risk,71,4,987.86
15063,Lost,213,1,370.79999999999995
15065,Loyal Customers,38,4,3158.13
15066,Lost,53,1,893.59
15067,At Risk,78,3,1744.76
15068,Potential Loyalists,46,2,553.36
15069,Lost,179,1,1109.53
15070,Lost,373,1,106.2
15071,At Risk,94,2,982.07
15073,Loyal Customers,10,3,1043.41
15074,Lost,105,1,735.67
15075,Lost,78,1,773.03
15076,Lost,173,1,880.85
15078,Champions,7,32,9743.11
15079,Need Attention,213,4,895.61
15081,Loyal Customers,22,5,504.8
15083,Lost,257,1,88.2
15087,Lost,282,1,306.94
15088,Potential Loyalists,21,2,1160.07
15089,Champions,10,6,2420.84
15090,Lost,308,1,381.32
15091,Lost,68,1,480.71
15092,Lost,215,2,457.81
15093,Champions,18,6,4597.02
15095,At Risk,104,4,1370.6
15096,Potential Loyalists,43,1,219.39000000000001
15097,Recent Customers,4,1,248.08
15098,Need Attention,182,3,39916.5
15099,Lost,84,1,410.48
15100,Need Attention,334,3,876.0
15101,Recent Customers,9,2,317.53
15103,Potential Loyalists,31,2,703.36
15104,Lost,197,2,993.54
15105,Champions,18,7,2298.93
15106,Champions,18,5,1422.52
15107,Need Attention,311,6,319.5
15108,At Risk,142,3,1159.25
15109,Lost,246,1,484.95
15110,Loyal Customers,24,4,996.1
15111,Loyal Customers,29,3,1567.48
15113,Loyal Customers,10,3,3509.04
15114,Loyal Customers,30,10,2760.56
15115,Recent Customers,18,1,340.11
15116,Loyal Customers,18,4,1352.75
15117,Champions,15,5,1551.78
15118,Lost,134,1,244.8
15119,Lost,246,1,266.4
15120,Lost,134,1,358.82
15121,Potential Loyalists,50,2,457.72
15122,At Risk,114,3,1633.78
15123,Recent Customers,7,2,2199.31
15124,Potential Loyalists,23,2,184.19
15125,Loyal Customers,25,15,11528.48
15127,Lost,66,1,406.53
15128,At Risk,60,4,1471.0
15129,Loyal Customers,50,11,3447.4
15130,Lost,170,1,330.11
15132,Champions,18,5,977.9300000000001
15133,At Risk,128,3,982.42
15134,Champions,15,8,1387.99
15135,Lost,239,1,139.05
15136,Loyal Customers,3,4,1286.7
15139,Lost,240,2,178.96
15140,At Risk,52,7,2354.25
15142,Potential Loyalists,46,1,498.74
15143,Lost,226,1,259.45
15144,Champions,8,17,6580.44
15145,Loyal Customers,4,4,1194.73
15146,Lost,165,2,1327.16
15147,Lost,240,1,623.5
15148,Recent Customers,11,1,301.29
15149,Lost,134,1,520.8000000000001
15150,Champions,17,10,5291.33
15152,Champions,10,13,4745.69
15153,Potential Loyalists,31,1,329.25
15154,Lost,75,1,254.28
15156,Loyal Customers,1,3,961.49
15157,Loyal Customers,4,3,1936.07
15158,Potential Loyalists,45,1,401.40000000000003
15159,Champions,2,30,18641.010000000002
15160,Lost,357,1,158.16
15163,Recent Customers,18,2,304.47
15164,At Risk,69,3,824.58
15165,Lost,373,1,487.75
15167,Lost,321,1,158.8
15168,Potential Loyalists,26,1,106.56
15171,Lost,331,1,1289.5
15172,Champions,9,5,1624.05
15174,Lost,323,1,135.75
15175,Lost,72,1,224.14
15178,Lost,260,1,40.5
15179,Champions,18,5,2206.95
15180,Lost,367,1,87.5
15181,At Risk,66,3,689.4799999999999
15182,Lost,154,2,622.85
15184,Potential Loyalists,29,2,402.2
15185,Lost,70,1,310.62
15186,Recent Customers,14,2,411.41
15187,Champions,2,15,4762.18
15189,Champions,1,41,16225.39
15192,At Risk,120,3,1044.32
15193,Lost,61,1,499.32
15194,Champions,3,15,7616.53
15195,Recent Customers,3,1,3861.0
15197,Loyal Customers,11,3,1079.6100000000001
15198,At Risk,92,2,193.64
15199,At Risk,59,4,1268.7
15201,At Risk,87,5,1236.54
15203,Loyal Customers,26,6,1827.8
15204,Lost,357,1,316.58
15205,At Risk,85,2,653.24
15206,Loyal Customers,10,4,420.29999999999995
15208,Champions,1,5,870.12
15210,Lost,225,1,331.18
15211,At Risk,60,2,894.4100000000001
15212,Lost,241,1,101.8
15213,Lost,319,2,328.35
15214,Champions,2,8,1661.44
15215,Loyal Customers,47,3,734.94
15216,Lost,88,1,96.6
15218,Champions,11,11,5756.89
15219,Lost,176,1,305.75
15220,At Risk,52,6,1778.96
15221,Lost,366,1,403.25
15222,Lost,319,1,585.0
15223,Lost,226,2,755.75
15224,Lost,358,2,322.08
15225,Lost,234,1,409.40000000000003
15226,Lost,311,1,154.41
15227,Loyal Customers,37,5,1219.4
15228,At Risk,66,4,3386.71
15230,Lost,239,2,429.6
15232,At Risk,113,2,612.06
15234,Lost,277,1,197.0
15235,Need Attention,218,12,2247.51
15236,Lost,299,1,321.05
15237,Loyal Customers,2,4,1412.32
15238,Loyal Customers,29,3,1071.99
15239,Recent Customers,10,2,780.59
15240,Loyal Customers,45,5,1706.57
15241,At Risk,67,8,1756.44
15243,Lost,74,1,316.68
15244,At Risk,65,2,631.57
15245,At Risk,134,3,2515.84
15246,Lost,238,2,514.15
15247,Lost,122,1,356.0
15249,Loyal Customers,32,13,6688.46
15251,Champions,9,11,10484.99
15252,Potential Loyalists,36,2,740.78
15253,Champions,16,5,918.1999999999999
15254,Lost,127,1,300.36
15255,Lost,67,1,890.85
15256,Lost,149,1,98.45
15257,Lost,283,1,317.15
15258,Lost,169,2,623.16
15260,At Risk,100,7,1810.77
15261,Lost,135,1,254.82
15262,Lost,324,1,178.95000000000002
15263,Lost,107,1,156.51
15264,Lost,64,1,393.74
15265,Lost,151,2,1506.1200000000001
15266,Lost,338,1,119.3
15267,Loyal Customers,22,5,1717.36
15269,Potential Loyalists,24,1,408.8
15270,Champions,16,7,2379.49
15271,Champions,7,15,2493.34
15272,At Risk,57,2,721.94
15274,Recent Customers,4,2,716.57
15275,Potential Loyalists,38,1,615.14
15276,Lost,66,1,128.63
15277,Potential Loyalists,47,1,255.89999999999998
15279,Lost,355,1,290.51
15280,Lost,172,1,113.12
15281,At Risk,59,9,2332.15
15286,Potential Loyalists,50,1,240.55
15287,Potential Loyalists,22,2,486.69
15288,Loyal Customers,43,5,2306.52
15289,Loyal Customers,29,3,939.78
15290,Champions,5,18,7943.22
15291,Loyal Customers,26,14,4623.3
15292,Lost,201,1,178.39
15296,Loyal Customers,51,6,3672.86
15297,Loyal Customers,10,3,641.94
15298,Champions,2,12,4799.9
15299,At Risk,67,6,3907.01
15300,Lost,64,1,496.44
15301,Loyal Customers,51,12,5049.95
15303,Lost,290,1,574.02
15304,At Risk,61,8,694.4000000000001
15306,At Risk,64,3,1174.35
15307,Lost,96,1,205.3
15308,Lost,274,1,310.47
15311,Champions,1,91,60632.75
15312,At Risk,75,4,924.85
15313,Lost,110,1,52.0
15314,Lost,199,1,327.97
15315,At Risk,64,2,570.5
15316,Lost,327,1,165.0
15318,Recent Customers,4,1,312.62
15319,Lost,284,1,204.5
15320,Potential Loyalists,44,1,267.13
15321,At Risk,71,3,2748.31
15322,Lost,86,1,679.68
15325,Lost,104,1,161.74
15326,Lost,334,1,311.71
15327,Lost,53,1,208.75
15329,Loyal Customers,39,3,1049.7
15330,Potential Loyalists,32,2,714.96
15332,Need Attention,366,4,1661.06
15333,Lost,208,1,1028.56
15334,Need Attention,157,3,347.87
15335,Lost,54,1,170.22
15339,At Risk,66,2,574.07
15341,Lost,81,1,2020.52
15342,Lost,130,1,406.09
15343,Lost,87,1,364.5
15344,Loyal Customers,1,3,563.94
15345,Potential Loyalists,46,1,393.54
15346,Lost,333,1,252.42000000000002
15347,Lost,366,1,201.60000000000002
15348,Lost,72,1,158.04
15349,Lost,158,2,463.90999999999997
15350,Lost,373,1,115.65
15351,Champions,12,7,1934.66
15353,Lost,255,2,770.12
15355,Potential Loyalists,29,2,277.05
15356,Loyal Customers,31,10,2718.03
15358,Champions,5,22,8347.2
15360,Potential Loyalists,40,1,427.93
15361,Lost,362,1,418.92
15363,Lost,373,1,326.0
15364,At Risk,96,2,913.19
15365,Loyal Customers,26,7,2314.32
15366,At Risk,75,2,602.51
15367,At Risk,57,4,1877.59
15368,Potential Loyalists,21,1,446.94000000000005
15370,Loyal Customers,41,7,2386.05
15372,Lost,137,1,2007.3999999999999
15373,Champions,8,12,2415.91
15374,Lost,129,1,168.0
15376,Loyal Customers,40,3,1221.56
15379,Need Attention,169,7,3703.29
15380,Champions,9,5,1690.2600000000002
15381,Lost,214,2,596.85
15382,Champions,15,6,5955.71
15384,Lost,170,2,642.41
15385,Potential Loyalists,40,1,316.88
15386,Lost,186,1,394.14
15388,Lost,270,1,140.54
15389,Lost,172,1,500.0
15392,Loyal Customers,5,4,1535.53
15393,Recent Customers,16,2,231.86
15394,Loyal Customers,10,4,2183.54
15395,Lost,326,1,107.45
15396,Lost,113,1,288.18
15397,Lost,290,1,94.0
15398,Recent Customers,16,2,1345.53
15399,Loyal Customers,1,3,815.77
15400,At Risk,92,5,716.2
15402,Lost,149,2,626.35
15405,Lost,189,1,349.1
15406,Potential Loyalists,31,2,510.71000000000004
15407,Loyal Customers,34,4,1046.74
15408,Lost,264,1,267.18
15410,At Risk,84,8,3450.84
15411,Loyal Customers,26,4,1348.93
15412,Lost,171,1,190.53
15414,Loyal Customers,10,3,774.9000000000001
15415,Lost,313,1,559.61
15416,At Risk,65,4,3984.32
15417,Lost,85,1,508.8
15419,Potential Loyalists,25,1,135.86
15421,At Risk,59,4,950.36
15422,Lost,323,2,97.7
15423,Potential Loyalists,38,1,43.5
15424,Lost,254,2,383.34
15426,Loyal Customers,19,5,1404.07
15427,Loyal Customers,33,3,1430.54
15428,Recent Customers,15,1,93.78
15429,Potential Loyalists,27,2,397.35
15432,Potential Loyalists,23,1,171.19
15433,Lost,214,2,533.3
15434,Champions,8,5,1041.48
15435,Potential Loyalists,22,1,149.29
15436,Loyal Customers,12,3,1067.75
15437,Lost,262,1,200.16
15438,Lost,131,1,156.57999999999998
15440,At Risk,55,3,383.68
15442,Lost,249,1,594.0
15443,Champions,2,7,3213.59
15444,Recent Customers,9,2,1411.21
15445,Lost,264,1,113.5
15447,Lost,331,1,155.17
15448,Lost,313,1,494.64
15449,Loyal Customers,26,3,974.52
15450,Potential Loyalists,30,1,429.84
15452,Loyal Customers,30,3,528.48
15453,Champions,2,7,1371.77
15454,Lost,362,1,179.1
15456,Need Attention,283,3,434.59000000000003
15457,Lost,262,1,237.07
15458,Potential Loyalists,25,1,161.64
15460,Lost,354,1,214.26
15462,At Risk,94,3,234.6
15463,Potential Loyalists,29,1,126.14
15464,Lost,338,1,1044.65
15465,Loyal Customers,20,18,7354.62
15466,Lost,85,1,334.53
15467,Loyal Customers,9,3,524.88
15468,Potential Loyalists,51,2,467.51
15469,Potential Loyalists,50,2,538.55
15471,Recent Customers,2,1,454.48
15472,Lost,113,1,371.56
15473,Champions,14,7,1771.2
15475,Lost,77,1,454.10999999999996
15478,Potential Loyalists,40,2,1399.92
15480,Lost,116,1,905.5
15482,Champions,16,11,10839.76
15483,Need Attention,161,4,225.26
15484,Loyal Customers,1,4,3590.41
15485,Loyal Customers,30,3,2564.5
15488,Lost,93,1,91.32000000000001
15489,Loyal Customers,23,3,1134.28
15491,At Risk,95,6,3100.09
15492,Potential Loyalists,28,2,659.4599999999999
15493,Loyal Customers,33,5,1953.41
15494,Potential Loyalists,21,2,1280.58
15497,Recent Customers,18,2,1262.2
15498,Champions,3,27,13316.4
15500,Loyal Customers,8,4,1131.56
15502,Champions,16,10,6923.98
15503,Lost,363,1,141.04
15504,Lost,81,1,52.83
15505,At Risk,53,5,3610.96
15506,Loyal Customers,23,3,972.08
15507,Lost,172,1,475.86
15508,Need Attention,189,6,1000.27
15510,Lost,331,1,250.0
15511,Champions,12,5,900.53
15512,Lost,156,2,121.0
15513,Loyal Customers,33,19,14758.220000000001
15514,Champions,12,11,4023.7200000000003
15516,Loyal Customers,45,3,62.43
15517,Lost,233,1,267.03
15518,At Risk,64,8,1921.55
15520,Recent Customers,2,1,343.5
15521,Loyal Customers,40,8,3000.2
15522,Potential Loyalists,33,2,397.99
15523,Lost,84,1,412.01000000000005
15524,Potential Loyalists,25,1,440.0
15525,Loyal Customers,2,3,731.87
15526,Potential Loyalists,33,2,148.44
15527,Loyal Customers,19,8,2428.53
15528,Lost,254,1,229.33
15529,Loyal Customers,23,11,3960.05
15530,Loyal Customers,22,4,1497.31
15531,Recent Customers,8,2,1972.39
15532,Loyal Customers,25,4,1554.83
15533,Loyal Customers,19,3,807.57
15535,Need Attention,173,4,502.9
15537,Lost,163,1,110.92
15539,Recent Customers,7,1,538.46
15540,Recent Customers,11,1,213.3
15541,Lost,114,1,85.13000000000001
15543,Lost,288,1,127.86
15544,Champions,9,9,3546.71
15545,At Risk,54,2,288.96999999999997
15547,Champions,7,14,4910.6
15549,At Risk,77,3,1677.71
15550,Loyal Customers,4,4,575.63
15551,Potential Loyalists,37,1,436.06
15552,Lost,217,1,90.12
15553,Lost,60,1,428.93
15554,Lost,278,1,217.2
15555,Champions,12,16,4791.87
15556,Potential Loyalists,24,1,279.77
15557,Potential Loyalists,29,1,468.91
15561,Loyal Customers,12,4,800.59
15562,Lost,352,1,134.55
15563,Loyal Customers,22,3,1361.44
15565,Potential Loyalists,50,2,173.16
15567,Potential Loyalists,19,1,186.01
15568,Loyal Customers,3,3,758.29
15569,At Risk,104,5,1375.71
15570,Champions,7,12,4148.82
15571,Loyal Customers,12,4,650.4300000000001
15572,Champions,5,7,2533.42
15573,Potential Loyalists,32,2,583.24
15574,Need Attention,178,4,675.64
15576,Potential Loyalists,38,1,921.37
15577,Need Attention,151,3,258.88
15578,Lost,162,1,127.1
15579,At Risk,69,2,327.6
15581,Need Attention,156,10,717.4300000000001
15582,Loyal Customers,25,3,682.9100000000001
15584,Loyal Customers,24,4,720.86
15585,Lost,177,1,455.3
15587,Loyal Customers,50,4,913.6800000000001
15589,Need Attention,256,3,478.53000000000003
15592,Potential Loyalists,47,1,388.58
15593,Lost,71,1,199.8
15594,Champions,16,5,1771.78
15596,At Risk,101,5,1406.59
15597,Potential Loyalists,35,1,324.57
15598,Lost,53,1,240.68
15599,Potential Loyalists,27,2,761.74
15601,Champions,11,14,6776.56
15602,Champions,8,9,1297.8700000000001
15603,Lost,79,1,48.480000000000004
15604,Lost,52,1,216.39
15605,Loyal Customers,36,5,1198.23
15606,At Risk,61,9,2920.16
15607,Lost,337,1,104.76
15608,Loyal Customers,28,4,1093.68
15609,Lost,184,1,298.48
15610,Lost,52,1,112.46000000000001
15611,Champions,10,11,1570.45
15612,Potential Loyalists,36,2,195.15
15615,Champions,10,23,10399.74
15618,Loyal Customers,33,4,776.851
15619,Recent Customers,11,1,336.40000000000003
15620,At Risk,57,3,1553.18
15621,Loyal Customers,4,4,1293.03
15622,Loyal Customers,43,9,3709.56
15623,Lost,141,1,301.03
15624,At Risk,117,4,588.13
15625,At Risk,104,4,1534.26
15626,At Risk,75,2,675.8
15628,Champions,5,9,2870.2400000000002
15630,Potential Loyalists,45,2,1186.35
15632,Champions,16,8,3285.31
15634,Recent Customers,17,1,243.55
15636,At Risk,90,2,724.76
15637,Lost,53,1,223.36
15639,Lost,134,1,425.32
15640,Champions,4,15,12416.11
15641,At Risk,105,4,1887.2
15643,Need Attention,192,3,664.0
15644,Need Attention,166,4,803.54
15645,Potential Loyalists,19,1,611.59
15646,Need Attention,158,3,447.64000000000004
15648,Lost,204,2,639.5
15649,Lost,336,2,816.0
15651,Loyal Customers,37,3,646.3
15652,Lost,91,1,337.74
15653,At Risk,93,2,877.4399999999999
15654,Recent Customers,9,2,922.53
15655,Lost,243,1,560.67
15656,Loyal Customers,45,4,748.5
15657,Potential Loyalists,23,1,30.0
15658,Need Attention,190,5,1024.1000000000001
15659,Potential Loyalists,44,1,306.45
15660,Loyal Customers,25,9,1600.86
15661,Lost,317,2,309.8
15663,Lost,106,1,138.14
15664,Potential Loyalists,51,1,386.43
15665,Lost,168,2,2222.21
15667,Potential Loyalists,40,1,301.32
15668,Lost,218,1,76.32000000000001
15669,Loyal Customers,40,4,684.34
15670,Lost,297,1,173.05
15671,Loyal Customers,19,7,2657.13
15673,At Risk,88,4,2726.23
15674,At Risk,73,4,2111.89
15675,At Risk,81,3,323.69
15676,Loyal Customers,19,3,3435.76
15677,Potential Loyalists,49,1,657.23
15678,Lost,53,1,352.7
15679,Loyal Customers,24,4,781.28
15680,Loyal Customers,9,3,1333.68
15681,Loyal Customers,25,5,1426.16
15683,Lost,117,1,193.75
15687,Champions,9,9,2993.1
15689,At Risk,120,2,254.1
15690,Recent Customers,4,2,239.76
15691,Lost,252,1,136.8
15692,Potential Loyalists,28,1,191.04
15694,Champions,1,13,6464.4
15695,Lost,267,2,409.98
15696,Loyal Customers,33,8,2711.11
15699,Recent Customers,18,1,309.65
15700,Lost,172,2,696.68
15701,Loyal Customers,2,4,1529.0
15703,Lost,265,1,211.5
15704,At Risk,140,4,2293.62
15705,Lost,201,1,143.1
15706,At Risk,64,4,1060.56
15707,Loyal Customers,35,4,916.98
15708,Loyal Customers,41,7,3235.25
15709,Lost,284,1,133.25
15712,Champions,9,5,1072.3600000000001
15713,At Risk,143,2,356.7
15714,Recent Customers,12,2,330.03000000000003
15716,Need Attention,146,4,1101.1100000000001
15717,Lost,234,1,150.3
15719,Loyal Customers,33,13,5028.42
15720,Potential Loyalists,24,1,598.73
15721,Recent Customers,12,1,471.40000000000003
15722,Loyal Customers,36,5,2211.21
15723,Lost,365,1,190.7
15724,Lost,201,2,218.25
15725,Recent Customers,15,1,415.25
15727,Champions,17,7,5159.06
15729,Lost,213,1,85.0
15730,At Risk,66,3,1120.88
15732,Lost,212,2,294.12
15733,Lost,283,1,162.3
15734,At Risk,115,2,1339.45
15737,Champions,15,8,1188.1200000000001
15738,Loyal Customers,19,16,4812.42
15739,Lost,66,1,449.12
15740,Potential Loyalists,49,1,154.88
15743,Loyal Customers,16,4,775.96
15744,Lost,78,1,34.8
15745,Loyal Customers,19,4,1094.59
15746,Lost,134,1,196.88
15747,Loyal Customers,13,3,946.64
15748,Potential Loyalists,40,1,144.36
15749,Need Attention,235,3,44534.3
15750,Champions,3,8,2463.05
15752,Loyal Customers,40,7,2626.6
15753,Lost,305,1,79.2
15754,Loyal Customers,51,3,458.57
15755,Champions,10,6,2364.25
15756,At Risk,61,4,528.01
15757,At Risk,66,2,714.42
15758,Potential Loyalists,25,1,205.25
15759,Need Attention,218,3,253.04
15762,At Risk,65,2,583.75
15763,Potential Loyalists,32,2,1086.92
15764,At Risk,88,6,3279.97
15766,Lost,64,1,315.06
15768,At Risk,116,3,621.8299999999999
15769,Champions,7,26,56252.72
15773,Recent Customers,6,1,635.6800000000001
15774,Lost,69,1,270.8
15775,Lost,245,1,104.9
15776,Lost,133,1,241.62
15777,Need Attention,241,4,1047.11
15780,Need Attention,184,3,475.28000000000003
15781,Loyal Customers,25,3,345.46
15782,Loyal Customers,10,3,2614.7400000000002
15783,Recent Customers,11,1,246.3
15785,Loyal Customers,33,5,2328.9700000000003
15786,Loyal Customers,46,3,4919.0
15787,Loyal Customers,26,3,933.26
15789,Lost,358,1,351.3
15790,Recent Customers,10,1,218.75
15791,Potential Loyalists,44,2,1612.69
15793,Loyal Customers,15,3,965.61
15795,Lost,150,1,610.01
15796,Champions,1,8,2707.61
15797,At Risk,113,3,2192.4
15799,At Risk,76,3,884.14
15800,At Risk,107,2,696.89
15801,Loyal Customers,46,3,1063.95
15803,Potential Loyalists,51,1,415.82000000000005
15804,Champions,1,13,4206.39
15805,Loyal Customers,23,17,5488.18
15806,Loyal Customers,46,3,784.58
15807,Loyal Customers,50,3,903.9
15808,Need Attention,306,4,3651.27
15809,Loyal Customers,36,5,515.77
15810,At Risk,79,4,1391.98
15811,Loyal Customers,22,6,2218.62
15812,At Risk,107,5,1801.14
15813,Lost,208,2,1303.9099999999999
15814,Loyal Customers,17,4,1945.33
15815,At Risk,64,5,2100.6
15819,Loyal Customers,49,4,1905.45
15820,Lost,320,1,206.98
15821,Potential Loyalists,44,2,570.96
15822,Recent Customers,3,2,885.47
15825,Lost,172,1,532.94
15826,At Risk,56,3,1654.31
15827,At Risk,73,14,1836.0900000000001
15829,At Risk,99,2,636.14
15830,Potential Loyalists,38,1,576.0
15831,At Risk,58,3,794.64
15832,Lost,254,1,836.79
15834,At Risk,70,4,2222.65
15835,Loyal Customers,44,4,954.09
15836,Potential Loyalists,50,1,137.37
15837,Lost,65,1,391.98
15838,Champions,11,19,33643.08
15839,Loyal Customers,33,3,1048.49
15840,At Risk,59,2,355.56
15841,At Risk,73,4,1224.06
15843,Lost,304,1,118.95000000000002
15844,Potential Loyalists,46,1,130.73999999999998
15845,Champions,18,8,3711.77
15847,Potential Loyalists,38,2,389.27
15850,Potential Loyalists,19,2,234.88
15852,Lost,187,2,160.71
15853,Lost,52,1,110.8
15854,Champions,4,12,2969.12
15855,At Risk,137,5,712.24
15856,Champions,4,27,16142.380000000001
15857,Potential Loyalists,19,1,297.0
15858,Champions,16,5,1427.57
15860,Loyal Customers,41,8,965.16
15861,Champions,12,8,3146.92
15862,Loyal Customers,8,4,832.88
15863,Potential Loyalists,26,2,68.84
15864,Loyal Customers,22,6,1936.3200000000002
15865,Loyal Customers,41,3,895.13
15866,Lost,101,1,211.89
15867,Champions,5,15,3803.6
15869,Lost,277,2,149.64
15870,Potential Loyalists,33,1,351.44
15872,Recent Customers,15,2,316.25
15874,At Risk,64,7,4405.88
15877,Recent Customers,2,2,490.33
15880,Lost,369,1,329.03000000000003
15881,Need Attention,312,5,501.39000000000004
15882,Need Attention,199,4,514.08
15883,Recent Customers,2,2,396.48
15885,Lost,93,1,349.35
15886,Lost,60,1,181.09
15888,Lost,81,1,162.64
15889,Lost,157,2,400.77
15891,Lost,227,1,509.13
15894,Lost,253,2,257.6
15895,Lost,150,1,179.17
15897,Lost,194,2,208.59
15898,Champions,1,5,1383.83
15899,Lost,369,1,56.25
15900,Potential Loyalists,24,1,337.28
15901,Loyal Customers,17,3,349.75
15903,Champions,10,7,5126.76
15904,Recent Customers,8,1,164.68
15906,Loyal Customers,20,7,1567.69
15907,Loyal Customers,4,3,881.87
15909,Lost,174,1,191.94
15910,Champions,1,8,1228.88
15912,Lost,178,2,264.62
15916,Champions,16,8,1502.8600000000001
15917,Lost,248,1,123.1
15918,Lost,191,2,334.23
15919,Potential Loyalists,20,2,525.69
15920,Need Attention,154,3,163.55
15921,Lost,173,1,323.03000000000003
15922,Lost,373,1,369.5
15923,Lost,373,1,127.08
15925,Lost,194,1,207.15
15930,Lost,67,1,426.63
15932,Champions,4,8,2495.87
15933,Loyal Customers,21,3,1107.46
15935,Lost,239,1,108.03999999999999
15937,Lost,64,1,145.35
15938,At Risk,112,5,404.58
15939,At Risk,90,14,6100.01
15940,Lost,311,1,35.8
15942,Lost,134,1,337.44
15944,Lost,277,1,325.1
15945,Lost,365,1,181.0
15947,Lost,83,1,1708.24
15948,Recent Customers,8,2,955.24
15949,Recent Customers,17,2,364.72
15950,Loyal Customers,32,4,1744.71
15951,Recent Customers,9,2,708.22
15952,Loyal Customers,34,4,781.91
15953,Champions,15,8,1657.28
15955,Loyal Customers,24,14,4416.26
15957,Potential Loyalists,32,1,428.89
15958,Lost,74,1,104.35
15963,Potential Loyalists,20,2,470.76
15965,Loyal Customers,17,4,808.87
15967,Potential Loyalists,23,2,397.68
15969,Loyal Customers,3,3,666.1
15970,Lost,304,1,314.1
15971,Champions,18,12,4194.9
15973,Lost,367,1,307.82000000000005
15974,Loyal Customers,39,7,3442.15
15975,Lost,84,1,371.01
15976,Lost,165,2,427.64
15977,Recent Customers,17,2,1054.73
15978,Lost,77,1,1098.78
15980,At Risk,89,3,2398.86
15981,Loyal Customers,25,8,3408.48
15983,Loyal Customers,22,4,1465.12
15984,Champions,3,10,2780.63
15985,At Risk,123,2,1142.42
15986,Potential Loyalists,30,1,168.12
15987,Champions,12,7,1432.77
15988,Potential Loyalists,19,1,156.78
15990,Potential Loyalists,44,2,792.11
15992,Recent Customers,4,1,41.989999999999995
15993,Champions,9,7,2768.97
15994,Lost,55,1,414.27
15996,At Risk,88,6,1032.58
15998,Loyal Customers,37,5,3080.22
16000,Loyal Customers,3,3,12393.7
16003,Loyal Customers,30,5,2735.37
16005,Loyal Customers,12,4,578.71
16006,Lost,211,1,101.4
16007,Loyal Customers,48,4,1693.81
16008,Loyal Customers,24,3,478.78
16009,Loyal Customers,22,4,972.11
16010,Need Attention,246,3,392.4
16011,Champions,8,16,3352.96
16012,Loyal Customers,35,3,1415.29
16013,Champions,4,47,37130.6
16014,Loyal Customers,38,3,646.83
16015,Loyal Customers,4,3,704.26
16016,Champions,3,8,1465.51
16017,Potential Loyalists,47,1,211.88
16018,Potential Loyalists,39,2,408.90000000000003
16019,Loyal Customers,47,9,3786.2400000000002
16020,Loyal Customers,17,3,851.01
16022,Lost,260,1,602.63
16023,Loyal Customers,46,3,719.81
16024,Recent Customers,12,1,245.75
16025,Potential Loyalists,30,1,439.65999999999997
16026,Potential Loyalists,43,1,236.09
16027,At Risk,92,6,934.62
16029,Loyal Customers,39,62,72708.09
16030,Lost,310,1,331.24
16031,At Risk,92,2,547.9
16033,Champions,6,20,8778.82
16034,Need Attention,196,3,437.7
16036,At Risk,87,2,758.92
16037,Need Attention,270,3,855.02
16038,Loyal Customers,8,3,471.78000000000003
16040,At Risk,65,3,1313.55
16041,Loyal Customers,31,3,3166.4
16042,Loyal Customers,22,5,1177.47
16043,Loyal Customers,38,4,773.99
16045,At Risk,120,4,1340.7
16048,Lost,373,2,256.44
16049,Loyal Customers,40,3,1074.81
16050,Lost,174,1,137.9
16052,Lost,54,1,362.06
16053,Potential Loyalists,33,2,1511.95
16054,Lost,145,1,783.9
16055,Lost,221,1,134.8
16056,Potential Loyalists,45,1,650.75
16057,Champions,16,7,2263.12
16059,At Risk,66,6,1453.16
16062,Loyal Customers,10,4,1153.62
16063,Lost,260,1,335.32
16065,Lost,365,1,367.14
16066,Champions,17,5,1521.04
16070,Potential Loyalists,22,2,852.15
16071,Potential Loyalists,45,1,326.24
16072,Lost,288,1,584.3199999999999
16073,Lost,297,1,122.39999999999999
16076,Champions,3,10,2234.73
16078,Lost,284,1,79.2
16079,Loyal Customers,17,3,1352.0
16080,At Risk,82,2,217.16
16081,At Risk,56,5,2799.42
16083,At Risk,101,2,1317.62
16084,Lost,299,1,436.18
16085,Loyal Customers,23,5,981.51
16086,At Risk,59,5,1121.39
16091,Lost,155,2,315.06
16092,At Risk,115,3,817.86
16093,Lost,107,1,17.0
16094,Loyal Customers,12,4,1078.23
16096,Lost,264,1,320.62
16097,Lost,240,1,185.04999999999998
16098,At Risk,88,7,2005.63
16099,Loyal Customers,50,3,731.9
16101,Lost,71,1,1290.7
16102,Loyal Customers,42,3,1842.14
16103,Champions,7,6,1429.64
16104,Lost,62,1,298.21
16105,Lost,249,1,336.96
16106,Lost,66,1,108.38
16107,Champions,18,7,3204.1600000000003
16108,Lost,85,1,842.5
16109,Lost,219,2,611.88
16110,Loyal Customers,45,3,1320.95
16112,At Risk,143,4,195.73999999999998
16113,Lost,183,1,161.38
16114,Lost,171,1,135.75000000000003
16115,Champions,10,8,1660.8799999999999
16116,Lost,212,1,612.78
16117,Lost,190,1,232.21
16119,Recent Customers,8,2,423.36
16120,At Risk,59,4,1309.14
16121,At Risk,57,2,854.66
16122,At Risk,73,4,684.4200000000001
16123,Lost,52,1,307.78
16124,Lost,317,1,249.0
16125,Lost,367,1,289.35
16126,Loyal Customers,29,4,6287.77
16127,Potential Loyalists,39,1,656.25
16128,Champions,18,5,1880.22
16131,At Risk,52,6,3506.54
16133,Champions,4,33,14589.04
16134,Potential Loyalists,22,2,618.09
16135,Lost,263,1,517.55
16136,At Risk,60,3,709.38
16139,Loyal Customers,19,3,635.41
16140,At Risk,66,2,725.18
16141,Lost,88,1,620.4
16142,Lost,250,1,535.34
16143,Champions,3,6,2424.94
16144,Lost,247,1,175.2
16145,Champions,9,11,3799.4900000000002
16146,Need Attention,157,3,734.13
16147,Lost,134,1,375.0
16148,Lost,296,1,76.32000000000001
16149,Recent Customers,5,2,280.52
16150,Loyal Customers,43,5,2053.02
16152,Lost,269,1,1829.04
16153,Loyal Customers,50,5,1824.23
16156,Champions,9,9,3092.04
16157,Loyal Customers,16,3,656.69
16159,Lost,282,1,348.2
16160,At Risk,65,2,1025.44
16161,Champions,2,19,5533.67
16162,Lost,252,1,37.4
16163,Lost,232,2,856.6
16164,Loyal Customers,17,3,822.48
16168,Champions,11,27,3787.6
16169,Loyal Customers,8,4,1822.97
16170,Loyal Customers,51,6,1885.05
16171,Lost,59,1,73.2
16172,At Risk,95,5,1140.21
16173,Champions,16,6,1418.32
16174,At Risk,126,3,1009.5500000000001
16175,At Risk,94,4,1037.59
16177,Potential Loyalists,50,1,331.95
16178,Lost,138,1,197.9
16179,Lost,61,1,215.83
16180,At Risk,100,8,10254.18
16181,Lost,73,1,305.54
16182,At Risk,72,4,6617.65
16183,Lost,67,1,338.71000000000004
16184,At Risk,64,6,1158.79
16185,Recent Customers,17,2,529.41
16186,Loyal Customers,23,12,4006.94
16187,Loyal Customers,32,15,6911.4400000000005
16188,Loyal Customers,45,4,981.86
16189,Recent Customers,16,2,215.48
16190,Potential Loyalists,40,1,215.08
16191,Champions,3,13,5180.52
16193,Lost,237,1,314.45
16198,Lost,75,1,400.68100000000004
16200,Recent Customers,4,2,1068.8700000000001
16201,Loyal Customers,3,4,1863.47
16202,Lost,361,1,365.27
16203,At Risk,59,4,592.9
16204,Potential Loyalists,23,1,384.18
16205,Loyal Customers,31,4,751.03
16206,At Risk,55,4,537.0600000000001
16207,Potential Loyalists,25,1,394.38
16208,Potential Loyalists,45,2,664.26
16209,At Risk,89,5,2262.62
16210,Champions,2,17,21076.3
16211,Lost,89,1,547.02
16212,Potential Loyalists,19,2,690.34
16213,Lost,79,1,159.0
16214,Need Attention,171,3,1062.75
16215,Lost,81,1,242.35
16216,Lost,267,1,914.9300000000001
16217,Lost,235,2,304.25
16218,Loyal Customers,30,7,3084.68
16221,Loyal Customers,37,3,860.86
16222,Lost,318,1,773.5500000000001
16224,At Risk,57,4,1295.3
16225,Loyal Customers,45,5,1096.32
16226,Need Attention,203,3,255.12
16227,Lost,225,1,314.22
16229,At Risk,87,2,1010.6
16230,Lost,190,2,542.03
16232,Loyal Customers,44,4,990.88
16233,At Risk,71,3,536.6800000000001
16235,Loyal Customers,41,4,857.31
16236,Lost,78,1,432.2
16239,At Risk,57,2,414.2
16240,Potential Loyalists,24,2,3718.8
16241,Champions,10,13,2590.31
16242,Champions,8,7,3579.86
16243,Potential Loyalists,34,2,409.1
16244,Lost,212,2,1522.75
16245,Loyal Customers,24,3,1413.66
16247,Lost,170,1,114.56
16248,Lost,62,1,152.94
16249,At Risk,53,5,1800.07
16250,Lost,261,2,389.44
16253,At Risk,67,2,3683.86
16255,Champions,17,8,2619.91
16256,Lost,267,1,752.4300000000001
16257,Lost,177,1,46.95
16258,Loyal Customers,45,5,5203.51
16260,Potential Loyalists,51,1,1035.45
16261,Loyal Customers,17,4,728.54
16265,Champions,9,9,5447.0
16266,At Risk,74,7,861.89
16268,At Risk,71,2,667.65
16270,Lost,353,1,1141.24
16271,Loyal Customers,16,4,1389.64
16272,Lost,117,1,411.7
16274,Lost,373,1,331.55
16275,Lost,197,1,559.87
16276,Lost,177,1,810.6000000000001
16278,Lost,100,1,566.38
16279,Loyal Customers,21,3,1502.78
16281,Lost,72,1,2062.06
16282,Lost,340,1,168.3
16283,Champions,6,5,1569.11
16284,Potential Loyalists,31,2,812.68
16287,Lost,170,1,142.5
16292,Lost,122,1,302.25
16293,Loyal Customers,22,10,2248.9900000000002
16295,Loyal Customers,10,4,1328.55
16297,Lost,269,1,301.9
16298,Loyal Customers,23,3,598.2
16302,Lost,127,1,233.22
16303,Loyal Customers,26,3,5360.63
16305,Lost,139,1,361.21999999999997
16306,Need Attention,214,6,632.27
16308,Loyal Customers,38,4,2560.0
16309,At Risk,106,2,706.57
16311,Recent Customers,18,2,616.26
16313,Recent Customers,3,2,274.15000000000003
16315,Lost,331,1,226.37
16316,At Risk,64,8,2938.91
16317,At Risk,120,3,1341.65
16318,Potential Loyalists,35,1,328.15
16319,Lost,218,1,404.40000000000003
16320,Lost,172,2,1038.46
16321,At Risk,72,5,373.65000000000003
16322,Recent Customers,1,2,326.75
16323,Lost,196,1,207.50000000000003
16324,At Risk,128,3,408.59000000000003
16325,Loyal Customers,47,3,594.24
16326,Champions,6,14,3039.2200000000003
16327,Champions,14,6,3789.67
16330,Loyal Customers,18,3,251.91
16332,Loyal Customers,28,7,1582.8
16333,Champions,8,22,26626.8
16337,Potential Loyalists,37,1,151.05
16338,Lost,157,1,214.79999999999998
16339,Lost,284,1,94.05
16340,Lost,107,1,534.31
16341,Loyal Customers,25,4,1971.87
16342,At Risk,75,4,322.41
16343,Recent Customers,16,2,328.58
16344,Lost,158,1,101.10000000000001
16345,Potential Loyalists,44,1,565.46
16347,Recent Customers,11,2,847.45
16348,Loyal Customers,32,7,1413.31
16349,Lost,291,1,53.5
16350,Loyal Customers,21,4,1116.47
16351,Lost,333,1,153.9
16352,Recent Customers,18,2,494.44
16353,Champions,4,23,6675.71
16354,At Risk,63,2,395.8
16356,Need Attention,198,3,211.77
16357,Loyal Customers,33,3,658.88
16358,Loyal Customers,1,4,2027.5
16359,Champions,7,9,1750.92
16360,Champions,5,6,3450.41
16361,Loyal Customers,10,4,891.21
16362,Loyal Customers,32,5,709.99
16363,Lost,53,1,109.36000000000001
16364,Recent Customers,12,2,705.79
16365,Champions,18,9,1540.42
16366,Potential Loyalists,19,1,327.3
16367,Potential Loyalists,37,2,800.67
16368,Recent Customers,2,2,479.91
16369,Loyal Customers,18,3,1543.33
16370,At Risk,82,4,1301.91
16372,Potential Loyalists,33,2,355.73
16374,At Risk,66,2,458.78000000000003
16376,Recent Customers,9,2,974.96
16377,Lost,267,1,676.2
16378,Need Attention,247,3,362.95
16379,Loyal Customers,4,4,2157.4
16380,Lost,61,1,1743.1499999999999
16383,At Risk,75,2,643.76
16384,At Risk,90,2,584.5
16385,At Risk,60,3,554.86
16386,Potential Loyalists,29,2,302.57
16387,Lost,323,1,94.36
16389,At Risk,53,4,1382.07
16392,Lost,270,1,217.89
16393,Champions,2,13,3040.96
16394,At Risk,57,5,1555.34
16395,At Risk,61,5,1482.06
16398,Lost,154,2,1705.8
16399,Potential Loyalists,19,2,406.21999999999997
16400,Lost,95,1,303.93
16401,Champions,1,12,4098.32
16402,Lost,265,2,293.45
16403,Lost,312,1,177.5
16404,Lost,70,1,443.05
16405,Lost,302,2,167.25
16406,Potential Loyalists,19,1,154.35
16407,Champions,13,10,2079.68
16409,Loyal Customers,36,5,2022.98
16411,Potential Loyalists,19,2,211.7
16412,Lost,54,1,135.99
16413,Lost,57,1,262.2
16414,Potential Loyalists,22,2,126.25
16415,Potential Loyalists,44,1,200.27
16416,Loyal Customers,27,3,1051.4
16418,Loyal Customers,45,3,631.12
16419,At Risk,113,6,958.71
16422,Champions,17,51,34684.4
16423,Potential Loyalists,25,1,346.12
16424,Lost,191,1,133.56
16425,Lost,302,1,302.7
16426,Champions,2,10,1863.76
16427,Lost,263,2,241.06
16429,Lost,106,1,284.55
16430,Lost,57,1,300.85
16431,Need Attention,213,3,623.28
16432,Lost,64,1,287.4
16433,Potential Loyalists,28,1,184.26
16434,Loyal Customers,29,7,1511.8
16438,Champions,6,5,798.35
16440,Champions,8,5,3640.67
16441,At Risk,67,2,381.2
16442,Loyal Customers,2,3,609.3
16444,Loyal Customers,46,4,654.67
16445,Potential Loyalists,34,1,230.51
16446,Recent Customers,1,2,168472.5
16447,Lost,136,1,255.91
16448,Lost,198,1,182.99
16449,Lost,198,2,707.69
16450,Lost,150,1,311.92
16451,Lost,88,1,266.97
16454,Lost,64,1,5.9
16455,At Risk,64,7,1841.18
16456,At Risk,99,5,2158.18
16457,Lost,218,1,208.36
16458,Champions,3,18,3482.7400000000002
16460,Loyal Customers,28,3,811.23
16461,Lost,178,1,142.92
16462,At Risk,74,3,136.0
16463,Loyal Customers,21,4,1422.4
16464,Loyal Customers,20,3,1298.66
16466,Loyal Customers,34,7,1595.96
16468,Lost,74,1,74.9
16469,Loyal Customers,24,4,625.42
16470,At Risk,52,4,752.77
16471,Lost,275,1,223.95000000000002
16473,Need Attention,165,3,316.11
16474,Champions,7,7,1810.49
16475,At Risk,88,4,544.3
16477,At Risk,64,7,2494.46
16478,Loyal Customers,25,3,331.0
16479,Recent Customers,10,2,300.83
16480,Lost,76,1,769.29
16482,Recent Customers,16,1,220.62
16483,Lost,192,1,139.35
16484,Lost,174,2,404.3
16485,Lost,77,1,363.65
16488,Loyal Customers,33,3,498.8
16491,Potential Loyalists,47,1,731.5
16493,At Risk,80,4,1351.63
16494,Lost,297,1,826.53
16495,Loyal Customers,3,3,648.26
16496,Loyal Customers,9,3,1599.52
16497,Loyal Customers,50,6,2965.69
16498,Lost,161,2,100.97
16499,Lost,360,2,365.45
16500,Champions,5,6,400.86
16503,At Risk,107,4,1431.93
16504,Potential Loyalists,25,1,465.88
16505,Potential Loyalists,32,1,777.6
16506,Potential Loyalists,20,2,90.30000000000001
16509,Lost,297,1,363.7
16510,Lost,372,1,248.1
16511,Loyal Customers,22,3,916.33
16513,Loyal Customers,5,4,874.59
16515,At Risk,52,5,1624.14
16516,Potential Loyalists,30,1,101.69999999999999
16517,Lost,277,1,162.7
16518,At Risk,61,2,484.32
16519,Potential Loyalists,25,2,212.98
16520,Need Attention,186,3,1046.57
16523,Champions,2,21,9418.470000000001
16525,Champions,2,26,13027.45
16526,Lost,172,1,290.36
16527,Lost,81,1,228.06
16528,Recent Customers,4,1,244.41
16529,Lost,190,1,455.25
16531,Loyal Customers,22,7,1244.59
16532,Loyal Customers,18,3,6748.8
16533,Loyal Customers,19,3,1082.81
16535,Recent Customers,5,1,593.75
16536,Lost,110,1,548.12
16539,Loyal Customers,3,4,1388.81
16542,Lost,54,1,119.62
16545,Lost,165,1,339.3
16546,Lost,291,2,787.15
16549,Champions,10,10,4034.9
16550,At Risk,109,5,2298.97
16551,At Risk,96,3,922.12
16552,Lost,243,2,379.73
16553,Need Attention,163,12,5719.82
16554,Loyal Customers,42,3,837.1
16555,Potential Loyalists,35,2,285.89
16556,At Risk,67,7,3313.79
16557,Potential Loyalists,24,2,281.85
16558,Champions,1,20,8338.49
16560,Potential Loyalists,27,2,841.41
16561,Recent Customers,6,2,511.12
16563,Lost,54,1,1077.74
16565,Lost,364,1,173.7
16566,Champions,15,5,614.66
16567,Lost,194,2,865.6
16569,Recent Customers,3,1,124.2
16570,Champions,15,10,3738.4
16571,Loyal Customers,27,3,1421.69
16572,At Risk,127,3,1009.6
16573,At Risk,85,2,663.61
16574,Lost,71,1,451.44
16581,Lost,183,1,105.84
16582,Lost,113,1,313.62
16583,Lost,374,1,233.45
16584,At Risk,80,2,936.08
16586,Lost,249,1,463.95
16587,Lost,232,1,225.15
16589,At Risk,71,3,459.24
16591,At Risk,69,1,213.5
16592,Champions,4,16,4113.68
16593,Loyal Customers,51,3,330.03
16594,At Risk,75,1,181.09
16595,At Risk,61,1,360.16
16596,Recent Customers,16,2,250.15
16597,Recent Customers,4,1,90.04
16598,Lost,286,1,145.04999999999998
16600,Champions,4,6,813.52
16601,Potential Loyalists,41,1,241.53
16602,Potential Loyalists,36,1,528.08
16603,At Risk,75,2,482.47
16607,Champions,18,14,3347.71
16609,Champions,15,7,5493.46
16610,Lost,219,1,75.66
16611,Lost,186,1,129.49
16612,Loyal Customers,33,4,1187.66
16613,At Risk,70,1,618.59
16614,Lost,183,1,506.19
16616,Recent Customers,15,2,500.42
16617,Lost,236,1,151.85
16618,Loyal Customers,31,5,2647.59
16619,Lost,264,1,226.21
16620,Recent Customers,4,2,178.96
16621,At Risk,52,4,813.48
16623,Lost,246,1,129.45
16624,At Risk,81,2,810.5699999999999
16625,Lost,275,1,333.08
16626,Champions,1,17,4413.1
16627,At Risk,79,1,322.8
16628,Loyal Customers,30,5,2188.05
16629,At Risk,74,2,408.63
16633,Champions,17,6,2883.1
16634,Lost,223,2,217.9
16637,Loyal Customers,32,4,1154.47
16638,Loyal Customers,23,10,1680.72
16639,Loyal Customers,31,3,1257.51
16641,At Risk,106,1,231.10000000000002
16642,Recent Customers,5,2,688.33
16643,Lost,246,1,487.51
16644,Lost,178,2,833.78
16647,Lost,170,2,214.06
16648,Potential Loyalists,43,1,290.65999999999997
16650,At Risk,72,1,518.42
16652,At Risk,59,7,6773.97
16653,Recent Customers,16,2,1212.66
16654,At Risk,141,4,601.27
16655,Champions,18,6,3789.52
16656,Loyal Customers,22,15,8625.8
16657,Loyal Customers,10,4,874.43
16658,Lost,368,1,123.24
16659,Lost,189,1,39.12
16660,Loyal Customers,16,4,1267.6499999999999
16665,Lost,362,1,135.39999999999998
16666,Potential Loyalists,19,1,118.98
16667,At Risk,68,2,567.1800000000001
16668,Champions,15,6,306.71999999999997
16669,Potential Loyalists,24,2,1344.48
16670,Champions,17,11,4095.9
16671,Loyal Customers,28,3,1692.27
16672,Champions,2,20,8134.9400000000005
16674,At Risk,55,2,304.24
16676,Loyal Customers,34,4,1592.1200000000001
16678,Champions,3,12,3109.99
16679,Lost,366,1,129.75
16680,Potential Loyalists,43,1,183.7
16681,At Risk,73,6,1770.34
16682,Champions,5,5,1028.0
16684,Champions,4,28,66653.56
16685,At Risk,61,2,324.24
16686,Loyal Customers,47,7,2959.88
16688,Loyal Customers,1,4,1260.86
16689,At Risk,76,2,422.59999999999997
16690,At Risk,72,2,225.57999999999998
16692,Lost,256,2,1126.0
16693,At Risk,69,2,477.86
16696,At Risk,135,4,657.9000000000001
16697,Lost,241,1,112.75
16698,Lost,227,2,1998.0
16700,Champions,9,13,5076.55
16701,Champions,9,13,5398.3
16705,Champions,1,20,14034.99
16706,Loyal Customers,37,3,531.35
16708,Potential Loyalists,46,1,656.63
16709,At Risk,85,5,3029.87
16710,Loyal Customers,19,10,2467.99
16711,Champions,3,5,1651.03
16712,Champions,9,11,3603.66
16713,Loyal Customers,19,15,6910.78
16714,Lost,317,2,1114.06
16715,At Risk,78,1,301.71999999999997
16716,Lost,267,2,901.2
16717,Loyal Customers,24,6,3843.08
16718,Lost,369,1,606.0500000000001
16719,Champions,15,7,1770.22
16720,Potential Loyalists,26,1,152.95
16721,Lost,262,1,292.47
16722,Champions,17,13,4730.81
16723,At Risk,91,2,576.4
16725,Need Attention,302,6,756.82
16726,Loyal Customers,26,5,1358.74
16727,Lost,364,1,256.32
16728,Loyal Customers,46,4,1048.28
16729,Loyal Customers,38,21,7202.01
16730,At Risk,52,3,743.11
16732,Potential Loyalists,32,1,603.75
16734,At Risk,52,3,646.76
16735,At Risk,79,5,2247.41
16737,At Risk,53,1,417.59999999999997
16738,Lost,298,1,3.75
16739,Lost,177,1,323.0
16743,Loyal Customers,29,7,2213.13
16744,Champions,11,7,1291.91
16745,At Risk,87,17,7180.7
16746,Champions,5,18,6680.11
16747,Potential Loyalists,38,2,836.06
16748,Champions,18,5,1515.9
16750,Loyal Customers,45,5,623.93
16751,Potential Loyalists,31,1,1764.72
16752,Lost,373,1,207.5
16753,At Risk,58,1,223.92000000000002
16754,Lost,372,1,2002.4
16755,At Risk,114,3,1475.43
16756,Lost,215,1,239.4
16757,Lost,319,1,106.83000000000001
16758,At Risk,65,1,369.34000000000003
16759,Loyal Customers,8,3,789.79
16761,At Risk,97,1,316.62
16762,Loyal Customers,20,3,1207.24
16763,Lost,199,1,611.85
16764,Champions,4,13,2790.9500000000003
16765,Lost,294,1,34.0
16766,Lost,273,2,1145.6
16767,Loyal Customers,31,11,5575.56
16768,Loyal Customers,48,3,478.09000000000003
16769,Lost,260,1,361.54
16770,At Risk,58,5,757.1
16771,Loyal Customers,33,5,2230.61
16773,At Risk,57,1,171.59
16774,At Risk,68,4,661.52
16775,Champions,10,11,1691.51
16776,At Risk,60,1,371.54
16777,At Risk,80,2,222.62
16778,At Risk,74,2,245.94
16779,Champions,2,22,10611.720000000001
16780,At Risk,100,2,422.24
16781,Lost,372,1,311.25
16782,Champions,10,13,2267.9500000000003
16784,Potential Loyalists,20,1,107.6
16788,At Risk,123,2,592.74
16789,Recent Customers,8,1,80.8
16790,Champions,4,6,1545.6200000000001
16791,Loyal Customers,29,7,1693.03
16792,Lost,282,2,110.38000000000001
16793,At Risk,57,1,243.84
16794,Champions,1,10,1194.48
16795,Lost,365,1,414.88
16796,At Risk,89,1,305.62
16800,Recent Customers,11,1,1162.65
16801,Need Attention,163,4,1594.23
16803,At Risk,65,1,332.3
16804,Loyal Customers,23,3,536.99
16805,Lost,174,2,460.59
16806,At Risk,103,4,736.21
16807,At Risk,143,3,1121.59
16808,At Risk,99,2,288.42
16809,Loyal Customers,23,5,914.69
16810,Lost,192,1,309.54
16811,Recent Customers,5,2,547.07
16812,Lost,361,1,479.35
16813,Champions,8,10,1652.18
16814,Champions,14,21,6406.8
16816,At Risk,103,4,417.06
16817,Champions,3,9,1604.75
16818,Champions,11,11,3349.57
16820,At Risk,96,1,497.61
16823,Lost,227,1,358.38
16824,Recent Customers,16,2,460.64
16825,Potential Loyalists,39,2,775.1800000000001
16826,Potential Loyalists,51,1,341.7
16828,At Risk,112,1,113.5
16829,Lost,157,1,197.22
16830,Potential Loyalists,39,1,325.91
16832,Need Attention,184,3,199.15
16833,Loyal Customers,1,4,1106.53
16834,Lost,228,1,413.46
16835,At Risk,128,2,180.85
16836,Potential Loyalists,40,2,251.87
16837,Loyal Customers,31,11,3170.98
16838,Lost,197,2,588.85
16839,Champions,9,34,16594.35
16841,Loyal Customers,37,6,1869.82
16842,At Risk,101,3,1264.19
16843,Loyal Customers,43,16,10196.57
16846,Potential Loyalists,50,1,214.32
16847,Potential Loyalists,43,1,193.44
16848,At Risk,53,1,281.42
16849,Lost,187,1,124.57
16850,Lost,334,1,332.41
16851,Loyal Customers,4,3,342.45
16852,Recent Customers,10,2,144.91000000000003
16855,Potential Loyalists,24,2,328.4
16856,Recent Customers,15,1,35.400000000000006
16858,Lost,369,1,375.69000000000005
16859,Lost,145,2,747.81
16861,At Risk,60,2,173.76
16863,Potential Loyalists,31,2,502.8
16866,At Risk,141,3,207.73999999999998
16869,Loyal Customers,23,4,817.12
16871,Loyal Customers,22,6,2812.34
16872,At Risk,77,3,680.02
16873,Champions,5,6,7123.62
16875,At Risk,67,5,2095.53
16877,Champions,12,6,846.62
16878,At Risk,84,1,13.3
16880,Loyal Customers,31,7,1491.43
16881,At Risk,67,1,432.0
16882,At Risk,67,3,705.12
16883,Lost,187,2,272.48
16884,Potential Loyalists,38,2,429.84000000000003
16885,Loyal Customers,15,3,450.41
16887,Potential Loyalists,35,1,192.32999999999998
16889,Need Attention,195,3,1578.67
16891,Champions,2,5,742.43
16892,Champions,1,5,518.19
16893,Lost,367,1,145.93
16895,At Risk,65,1,202.27
16897,Lost,299,2,289.78
16898,Loyal Customers,26,3,501.03
16899,Champions,8,6,1271.06
16900,Loyal Customers,17,3,882.16
16902,At Risk,116,1,1706.88
16903,Potential Loyalists,29,1,363.2
16904,Champions,4,15,3634.95
16905,Champions,5,7,3037.6
16906,At Risk,82,4,559.59
16907,Loyal Customers,29,5,928.76
16909,At Risk,72,1,379.14
16910,Champions,4,8,1508.96
16912,Loyal Customers,29,11,2555.58
16913,Lost,290,1,113.44
16914,Potential Loyalists,36,1,183.76
16915,Champions,9,6,621.6800000000001
16916,Potential Loyalists,24,2,562.41
16917,Lost,277,1,391.52
16918,Loyal Customers,50,6,1068.82
16919,Need Attention,156,11,2592.25
16921,At Risk,61,1,154.18
16923,Champions,12,19,7069.08
16924,Loyal Customers,21,3,829.89
16926,Lost,371,1,230.25
16927,At Risk,116,3,543.05
16928,At Risk,80,17,2806.75
16929,Champions,4,7,1295.39
16930,Loyal Customers,26,3,378.89
16931,Champions,5,21,4554.87
16932,At Risk,53,1,150.23000000000002
16933,Recent Customers,1,2,563.23
16934,At Risk,55,2,931.03
16936,Potential Loyalists,26,1,261.9
16938,Loyal Customers,9,4,2711.6800000000003
16940,At Risk,52,3,3049.88
16942,Champions,13,9,1904.99
16943,Need Attention,212,3,816.73
16945,Loyal Customers,22,19,4345.5
16947,Lost,236,1,406.48
16948,At Risk,139,3,435.02
16949,Champions,4,6,1286.27
16950,At Risk,57,3,1178.56
16951,At Risk,135,3,1277.75
16952,At Risk,109,2,167.61
16953,Potential Loyalists,30,1,20.8
16954,Champions,1,9,2085.08
16955,Need Attention,185,4,518.67
16956,Recent Customers,18,1,308.74
16957,Lost,239,2,416.64
16959,At Risk,87,1,117.35000000000001
16960,Loyal Customers,39,3,505.1
16961,At Risk,116,1,234.17
16963,Lost,187,1,110.55000000000001
16965,Lost,227,1,192.07
16966,Champions,8,7,2154.97
16967,Lost,189,1,319.02
16968,Recent Customers,4,2,439.43
16969,Loyal Customers,39,3,650.41
16971,Potential Loyalists,38,1,357.21
16976,Lost,267,1,251.51999999999998
16978,At Risk,78,1,344.33
16979,Champions,4,6,1852.0
16980,Lost,255,2,1028.46
16982,At Risk,61,1,384.06
16983,Champions,13,7,1905.87
16984,At Risk,88,2,4459.52
16985,Champions,17,10,5464.12
16986,Potential Loyalists,30,2,1873.2
16987,Champions,3,7,1616.8
16988,Recent Customers,5,1,126.12
16989,Champions,7,6,1133.25
16990,Lost,219,1,179.0
16992,Champions,11,5,1614.31
16996,Loyal Customers,30,6,1456.96
16997,Need Attention,288,3,702.0
16998,Need Attention,150,4,295.0
16999,Potential Loyalists,23,2,484.82
17001,Champions,1,11,3989.57
17002,At Risk,86,3,1493.73
17004,Potential Loyalists,46,2,1312.1399999999999
17006,Loyal Customers,5,4,781.78
17007,Loyal Customers,51,6,889.9300000000001
17010,Recent Customers,18,1,195.36
17011,Potential Loyalists,30,1,270.9
17014,Loyal Customers,8,3,583.4300000000001
17015,Loyal Customers,29,3,1838.6100000000001
17017,Champions,3,20,8694.26
17018,Potential Loyalists,41,2,920.1
17019,Loyal Customers,11,4,1258.08
17022,Potential Loyalists,31,1,71.0
17024,Loyal Customers,45,3,95.85
17025,At Risk,61,3,357.77
17026,Lost,185,2,154.82999999999998
17027,At Risk,79,6,877.5600000000001
17029,At Risk,111,2,716.0
17030,At Risk,64,1,146.87
17031,Recent Customers,12,2,380.35
17033,At Risk,86,3,1030.14
17034,Loyal Customers,16,3,745.52
17035,Lost,246,2,433.53000000000003
17037,At Risk,88,1,1267.32
17038,Potential Loyalists,30,1,112.4
17040,At Risk,138,1,449.73
17041,Loyal Customers,27,3,1071.49
17042,Champions,3,5,1036.58
17043,Loyal Customers,32,4,1735.18
17044,Potential Loyalists,25,1,948.48
17045,At Risk,113,3,339.44
17046,Lost,157,1,642.02
17047,At Risk,85,3,1100.9
17048,At Risk,118,3,925.35
17049,Champions,3,9,5655.03
17050,At Risk,96,6,3185.64
17051,Lost,194,1,240.89000000000001
17052,Potential Loyalists,28,1,399.09
17053,At Risk,131,1,498.48
17054,Loyal Customers,28,5,1356.33
17058,At Risk,82,3,1179.89
17059,Loyal Customers,30,5,3080.39
17060,Lost,266,1,234.24
17061,At Risk,74,11,5232.2300000000005
17062,Need Attention,314,4,528.29
17063,Loyal Customers,21,7,1461.14
17064,At Risk,59,3,855.45
17068,Champions,12,21,4545.89
17069,Loyal Customers,28,9,2709.7000000000003
17070,At Risk,114,1,304.24
17071,Loyal Customers,28,9,2429.03
17073,Loyal Customers,18,4,1444.84
17075,Loyal Customers,18,4,834.12
17076,Loyal Customers,36,3,841.0799999999999
17078,Potential Loyalists,36,2,375.86
17079,At Risk,78,1,118.80000000000001
17080,Potential Loyalists,22,2,287.62
17081,Potential Loyalists,25,2,288.91
17082,Potential Loyalists,33,2,2003.85
17083,At Risk,109,3,1405.78
17084,Potential Loyalists,35,2,2747.9900000000002
17085,At Risk,123,5,1562.4
17086,Champions,7,6,2050.08
17088,Loyal Customers,28,4,1991.01
17090,Champions,4,7,1974.65
17091,Champions,3,9,3827.76
17092,Loyal Customers,50,4,1774.03
17094,Lost,322,1,302.0
17095,Loyal Customers,23,3,1324.16
17096,Loyal Customers,15,4,1022.13
17097,Champions,2,8,954.42
17100,Recent Customers,18,2,971.74
17101,Loyal Customers,10,4,1621.73
17102,Lost,262,1,25.5
17105,Lost,159,2,665.78
17107,Loyal Customers,33,6,10797.48
17109,Loyal Customers,29,6,881.29
17110,Lost,165,1,163.29999999999998
17111,Potential Loyalists,47,1,231.61
17114,Champions,6,8,801.12
17115,Loyal Customers,8,3,837.5
17117,Lost,288,1,116.19999999999999
17118,Lost,318,1,157.02
17119,Loyal Customers,3,2,606.91
17120,Lost,233,1,307.46
17122,At Risk,119,1,138.32
17123,Lost,162,1,345.29999999999995
17124,Lost,185,1,294.24
17125,Potential Loyalists,50,1,230.5
17126,Need Attention,152,5,989.45
17128,Lost,335,1,157.09
17131,Champions,5,5,2463.17
17133,Champions,16,7,4892.240000000001
17134,At Risk,107,2,413.2
17135,Champions,16,7,1139.73
17138,Lost,276,1,380.5
17139,Champions,16,12,10650.77
17140,Lost,247,1,454.12
17142,Lost,239,1,579.0
17144,Loyal Customers,1,2,984.57
17146,At Risk,106,3,749.78
17147,Loyal Customers,23,4,1714.59
17148,At Risk,52,1,124.88
17152,Need Attention,195,3,1689.5
17153,Potential Loyalists,24,1,213.78
17154,At Risk,75,1,329.34
17155,Loyal Customers,18,2,251.70000000000002
17157,Loyal Customers,8,2,319.0
17158,Loyal Customers,32,3,1266.97
17159,Loyal Customers,22,3,1538.88
17160,Loyal Customers,31,6,3518.03
17162,Loyal Customers,29,10,1715.46
17163,Loyal Customers,22,2,293.1
17164,Loyal Customers,33,7,2467.35
17165,Lost,284,1,158.68
17166,Loyal Customers,39,2,206.34
17169,At Risk,58,2,835.78
17171,Lost,289,1,224.91
17172,At Risk,79,1,317.76
17173,Champions,5,8,3766.6
17174,Lost,218,1,59.9
17175,Loyal Customers,44,4,1443.69
17176,Lost,202,1,306.13
17179,Need Attention,178,3,711.79
17180,At Risk,56,4,783.97
17181,At Risk,57,2,239.92000000000002
17183,Champions,8,6,3347.31
17186,Loyal Customers,47,2,144.0
17187,Lost,227,1,203.95
17188,Champions,11,7,2474.23
17189,At Risk,106,2,383.75
17190,At Risk,59,2,444.74
17191,Loyal Customers,28,7,2093.68
17193,Loyal Customers,36,7,1699.3000000000002
17194,Lost,361,1,226.78
17197,Potential Loyalists,30,1,1013.01
17198,Loyal Customers,24,3,692.22
17201,At Risk,54,1,289.78
17203,Loyal Customers,36,6,3560.08
17204,Need Attention,175,4,1564.56
17205,At Risk,54,1,384.08
17206,At Risk,53,1,204.24
17211,Loyal Customers,27,8,2317.2200000000003
17212,Lost,253,1,226.85
17213,Loyal Customers,40,7,2781.23
17214,At Risk,60,6,1059.1200000000001
17217,Lost,234,1,113.5
17218,Champions,4,10,1951.97
17219,Potential Loyalists,32,1,114.23
17220,Loyal Customers,24,14,3187.55
17221,Loyal Customers,7,2,334.48
17222,At Risk,65,1,328.65
17223,Need Attention,310,2,381.89
17226,Lost,309,1,393.49
17227,Loyal Customers,19,6,939.32
17228,Champions,16,8,1906.09
17229,At Risk,96,2,318.76
17230,Need Attention,264,8,3638.41
17231,Champions,12,10,3124.72
17232,Loyal Customers,3,2,417.77
17233,Potential Loyalists,35,1,190.88
17234,Lost,183,1,149.89000000000001
17235,Loyal Customers,25,2,550.06
17236,Champions,13,6,916.13
17237,Loyal Customers,11,2,314.69
17238,Champions,3,17,3719.1
17239,Lost,313,1,382.5
17242,At Risk,108,2,1135.04
17243,Champions,1,26,8531.65
17244,At Risk,53,1,954.9
17245,Lost,205,1,171.45
17247,Recent Customers,15,1,280.09000000000003
17248,At Risk,120,1,318.65
17250,Loyal Customers,4,2,381.97
17251,Lost,363,1,269.83
17252,At Risk,117,2,348.91
17253,Recent Customers,18,1,178.26
17254,Loyal Customers,5,2,271.19
17255,Loyal Customers,41,2,291.48
17256,At Risk,107,2,240.0
17259,Need Attention,148,2,581.23
17262,At Risk,52,5,1253.3600000000001
17263,Lost,208,1,63.440000000000005
17265,At Risk,139,2,550.01
17266,Loyal Customers,2,3,296.58
17267,At Risk,127,2,317.2
17268,At Risk,108,4,763.64
17272,Loyal Customers,42,4,2148.63
17274,Potential Loyalists,35,1,107.82
17277,Need Attention,228,2,1065.3500000000001
17278,Lost,241,1,246.04
17279,At Risk,58,1,187.82999999999998
17282,At Risk,130,3,1685.46
17284,At Risk,60,6,1647.48
17286,Potential Loyalists,22,1,151.37
17287,Loyal Customers,26,7,1049.06
17288,Champions,9,7,1417.63
17289,Loyal Customers,32,3,931.02
17290,Loyal Customers,4,2,513.01
17291,Lost,308,1,550.8000000000001
17293,Champions,8,9,1854.06
17295,Loyal Customers,29,3,547.0
17297,Recent Customers,17,1,128.18
17298,At Risk,101,2,498.42
17299,Loyal Customers,12,4,656.61
17301,Potential Loyalists,21,1,163.24
17302,Champions,15,5,1135.63
17303,Lost,361,1,250.04
17306,Champions,11,19,8631.31
17309,At Risk,95,1,82.75
17311,At Risk,78,2,1384.85
17312,At Risk,139,3,644.3
17313,Potential Loyalists,31,1,2328.84
17314,Loyal Customers,25,8,2527.92
17315,Champions,2,36,6241.15
17317,Loyal Customers,46,3,2600.34
17320,At Risk,100,3,1200.6200000000001
17321,Loyal Customers,8,2,657.16
17323,Champions,15,7,903.12
17324,Loyal Customers,18,4,986.48
17325,Lost,280,1,96.8
17329,Loyal Customers,14,2,523.11
17330,Loyal Customers,23,2,363.9
17331,At Risk,124,1,175.2
17333,At Risk,86,1,494.25
17334,Need Attention,302,2,307.02
17337,Need Attention,151,4,1979.61
17338,Champions,17,8,6484.75
17339,At Risk,94,2,243.36
17340,Loyal Customers,30,11,12353.29
17341,Need Attention,157,3,682.29
17343,Lost,355,1,193.64
17344,Potential Loyalists,46,1,157.62
17345,Loyal Customers,15,4,519.6899999999999
17346,Champions,4,15,2622.88
17347,At Risk,86,1,228.96
17348,Champions,15,5,1156.6
17349,Lost,179,1,98.25
17350,Loyal Customers,8,4,1281.32
17351,Loyal Customers,36,3,587.15
17353,At Risk,129,2,1740.0
17354,Potential Loyalists,51,1,1393.06
17356,Lost,312,1,178.22
17357,Loyal Customers,24,2,384.39
17358,Need Attention,303,2,360.81
17359,Recent Customers,11,1,127.86
17360,Loyal Customers,17,3,568.24
17361,Loyal Customers,49,3,488.2
17362,Need Attention,239,2,312.23
17364,Champions,1,11,4462.68
17365,Champions,13,8,4762.32
17367,Lost,238,1,167.55
17368,Loyal Customers,23,8,1878.87
17370,At Risk,73,4,446.18
17371,Loyal Customers,17,3,418.4
17372,Loyal Customers,41,8,1337.18
17373,Loyal Customers,40,4,646.92
17374,Need Attention,219,2,495.77
17375,Need Attention,199,3,400.1
17376,At Risk,71,2,203.2
17377,Loyal Customers,24,20,4058.32
17379,Recent Customers,11,1,389.71999999999997
17381,Champions,9,29,20275.61
17382,At Risk,65,1,65.4
17383,Recent Customers,4,1,193.39000000000001
17384,Loyal Customers,19,2,336.4
17385,Recent Customers,15,1,256.11
17386,Champions,8,6,2686.42
17387,Loyal Customers,20,2,746.81
17388,At Risk,78,4,1259.56
17389,Champions,1,34,31833.68
17391,Need Attention,164,2,508.8
17392,Need Attention,307,2,411.27
17394,Lost,219,1,203.86999999999998
17396,Loyal Customers,39,7,7312.8
17397,Loyal Customers,22,2,681.41
17398,At Risk,115,3,653.38
17400,At Risk,126,5,2097.84
17402,Champions,5,12,2598.85
17403,Potential Loyalists,36,1,263.92
17404,Champions,4,13,31781.82
17405,Loyal Customers,1,3,1031.41
17406,Need Attention,333,3,2184.42
17408,Lost,163,1,32.65
17409,Need Attention,185,2,771.85
17410,Champions,16,5,1214.72
17411,Loyal Customers,12,3,778.94
17412,Champions,3,7,1258.06
17414,Loyal Customers,44,2,778.0
17415,At Risk,80,1,507.84
17416,Loyal Customers,30,7,6893.42
17418,Loyal Customers,42,2,463.46000000000004
17419,Champions,11,12,4226.57
17420,Loyal Customers,50,3,598.83
17422,Champions,16,6,1979.37
17423,Loyal Customers,46,2,698.41
17425,Loyal Customers,19,2,759.17
17426,Champions,8,6,5037.26
17427,At Risk,72,1,100.8
17428,Champions,1,28,17256.85
17429,At Risk,128,3,524.9200000000001
17430,Loyal Customers,33,2,265.76
17431,Lost,313,1,403.3
17432,Loyal Customers,18,2,365.76
17433,At Risk,88,1,303.15999999999997
17434,Champions,2,7,2373.82
17436,Loyal Customers,2,2,216.29999999999998
17438,Lost,254,1,388.45000000000005
17440,Need Attention,157,3,186.42000000000002
17442,Loyal Customers,37,6,2248.56
17443,Lost,220,1,534.24
17444,Need Attention,152,2,2389.1
17446,Need Attention,177,2,120.9
17447,Loyal Customers,40,2,541.53
17449,Champions,2,7,2516.21
17450,Champions,8,46,194390.79
17451,Champions,1,7,1721.4
17453,Loyal Customers,18,2,486.71999999999997
17454,Need Attention,192,4,517.53
17455,Lost,204,1,131.7
17456,Lost,365,1,249.86
17457,At Risk,127,5,1737.7
17458,Recent Customers,15,1,316.5
17459,Loyal Customers,43,2,657.3
17460,At Risk,94,6,622.4300000000001
17461,Loyal Customers,23,3,735.82
17462,At Risk,60,2,675.69
17463,Champions,16,5,1875.86
17464,Lost,158,1,289.96000000000004
17466,Loyal Customers,10,2,763.28
17468,Loyal Customers,10,2,137.0
17469,Champions,16,5,1870.97
17470,Loyal Customers,45,5,1125.07
17472,Need Attention,191,3,697.54
17475,At Risk,79,1,194.37
17480,At Risk,78,1,511.82
17481,Loyal Customers,4,4,1255.59
17483,At Risk,65,3,414.04
17486,Lost,261,1,396.87
17489,At Risk,59,2,376.64
17490,Champions,1,7,2092.32
17491,Champions,1,10,3558.87
17492,Lost,248,1,374.57
17495,Loyal Customers,8,2,497.56
17496,Lost,359,1,271.05
17498,At Risk,76,1,272.22
17499,Lost,290,1,622.88
17500,Loyal Customers,17,3,1138.0
17501,Need Attention,221,2,288.6
17502,Loyal Customers,9,4,689.1
17503,Loyal Customers,3,2,558.96
17504,Need Attention,206,9,2997.0299999999997
17505,Need Attention,162,2,1145.84
17506,At Risk,76,1,302.2
17507,Need Attention,262,2,605.58
17508,Lost,281,1,387.31
17509,At Risk,58,8,6083.64
17510,Potential Loyalists,25,1,308.48
17511,Champions,3,31,91062.38
17512,Loyal Customers,29,10,2924.9900000000002
17513,At Risk,72,1,513.2
17514,At Risk,128,1,208.65
17515,Loyal Customers,31,4,639.02
17516,Champions,15,5,764.88
17517,Lost,309,1,153.94
17519,Champions,17,6,1844.02
17520,At Risk,54,1,546.81
17521,Loyal Customers,30,3,723.2099999999999
17522,Champions,2,5,1066.15
17523,Loyal Customers,11,4,652.74
17524,Lost,361,1,145.0
17525,Lost,360,1,422.70000000000005
17526,Loyal Customers,5,4,1195.8999999999999
17527,At Risk,54,4,939.37
17528,Champions,1,8,3628.5
17530,Champions,1,10,2362.53
17531,Lost,190,1,296.7
17534,At Risk,54,1,223.36
17535,Lost,280,1,164.4
17536,Lost,177,1,76.5
17537,Loyal Customers,30,2,887.67
17538,Potential Loyalists,26,1,98.42
17540,Loyal Customers,25,2,578.9
17542,Lost,270,1,170.75
17545,Loyal Customers,43,3,642.32
17548,Lost,234,1,103.3
17549,Loyal Customers,24,2,148.86
17550,Need Attention,197,3,267.16
17551,Lost,359,1,290.34
17552,At Risk,60,4,930.41
17553,At Risk,130,1,1487.6
17554,Champions,1,5,1952.45
17555,Loyal Customers,20,2,480.31
17556,Lost,206,1,157.9
17557,Loyal Customers,14,3,541.46
17560,At Risk,95,4,854.95
17561,Potential Loyalists,19,1,165.12
17562,Champions,14,7,1122.38
17564,Loyal Customers,24,3,454.01
17566,Loyal Customers,8,2,869.77
17567,Champions,7,8,4331.48
17569,Lost,332,1,344.14
17571,Loyal Customers,50,4,1424.42
17572,At Risk,71,4,226.75000000000003
17573,Loyal Customers,29,3,380.6
17574,Lost,243,1,185.65
17576,Champions,8,19,3564.83
17578,Lost,218,1,143.45999999999998
17579,Loyal Customers,5,3,448.90000000000003
17580,Need Attention,253,3,212.77
17581,Champions,1,25,11025.24
17582,Lost,236,1,175.27
17584,Loyal Customers,7,2,1242.3
17585,At Risk,109,4,1116.68
17588,At Risk,100,3,1240.2
17589,At Risk,60,4,2402.92
17590,Loyal Customers,2,3,1466.77
17591,At Risk,73,7,2203.67
17593,Champions,4,5,3923.86
17594,At Risk,85,2,993.18
17595,Loyal Customers,12,2,386.69
17596,Loyal Customers,23,7,2806.69
17597,Lost,214,1,2044.3700000000001
17600,Recent Customers,18,1,161.67000000000002
17601,Lost,239,1,116.00999999999999
17602,Champions,2,6,5054.42
17603,At Risk,78,1,394.72
17604,Need Attention,217,2,309.36
17608,Loyal Customers,33,2,191.99
17609,Loyal Customers,41,5,1098.28
17611,Champions,7,15,3961.12
17612,At Risk,53,6,2048.45
17613,Loyal Customers,23,14,4544.55
17614,At Risk,57,1,386.32
17615,At Risk,130,3,329.6
17616,Need Attention,174,3,571.1999999999999
17618,Loyal Customers,6,3,930.28
17619,Lost,312,1,214.37
17620,At Risk,60,1,81.44
17621,Loyal Customers,21,3,1379.9
17623,Potential Loyalists,33,1,527.0500000000001
17624,Loyal Customers,15,2,843.48
17625,Loyal Customers,18,4,2020.4
17628,At Risk,81,1,75.75
17629,Champions,6,8,1814.12
17630,Need Attention,170,2,503.59999999999997
17631,Loyal Customers,2,3,528.33
17633,Loyal Customers,31,4,1324.84
17634,Loyal Customers,36,9,2358.59
17636,Potential Loyalists,19,1,285.56
17637,Loyal Customers,31,2,547.0600000000001
17639,Lost,276,1,108.5
17640,At Risk,87,1,621.66
17642,At Risk,120,2,712.29
17643,Lost,373,1,101.55
17644,Champions,1,11,2895.64
17646,Need Attention,219,3,1008.39
17647,At Risk,65,1,133.06
17648,At Risk,61,4,1797.5
17649,At Risk,138,1,868.49
17650,Potential Loyalists,21,1,166.08
17651,Champions,12,10,3945.0
17652,Loyal Customers,25,12,4867.72
17653,Loyal Customers,37,4,1207.56
17654,Lost,277,1,117.55
17655,Champions,11,7,2638.94
17656,At Risk,73,5,1674.69
17658,Loyal Customers,26,2,595.42
17659,Champions,17,12,2999.46
17660,At Risk,141,1,178.75
17663,Loyal Customers,26,7,1802.91
17664,Loyal Customers,19,2,604.64
17666,Loyal Customers,4,2,728.16
17667,At Risk,66,5,2055.51
17668,Loyal Customers,1,2,347.75
17669,Loyal Customers,43,7,3406.7200000000003
17670,Lost,228,1,205.7
17671,Loyal Customers,16,4,1572.71
17672,Loyal Customers,50,2,3178.17
17673,Champions,2,6,1594.97
17674,At Risk,74,2,551.04
17675,Champions,1,31,20374.28
17676,Champions,4,6,1371.18
17677,Champions,2,30,16345.38
17678,Lost,264,1,298.11
17679,At Risk,53,2,1992.1100000000001
17680,Potential Loyalists,24,1,184.4
17682,Champions,10,6,2474.33
17684,Potential Loyalists,44,1,239.41
17685,Champions,17,7,3155.83
17686,Champions,7,7,5739.46
17690,Loyal Customers,30,15,4726.8
17691,Need Attention,358,2,290.40000000000003
17692,At Risk,127,4,725.5799999999999
17693,At Risk,137,1,200.47
17694,At Risk,142,1,283.12
17695,At Risk,132,2,765.34
17696,Loyal Customers,38,8,2285.71
17697,Lost,236,1,338.95
17698,Lost,261,1,154.95
17700,Loyal Customers,17,4,2534.64
17701,Lost,253,1,417.95
17702,Loyal Customers,30,4,1824.37
17703,Loyal Customers,35,3,798.74
17704,Need Attention,169,2,885.19
17705,Champions,3,9,1823.52
17706,Champions,4,17,10504.49
17707,Need Attention,185,2,152.4
17708,Need Attention,188,2,263.33
17709,Lost,170,1,137.45
17711,Loyal Customers,11,2,385.1
17712,Potential Loyalists,45,1,522.91
17714,Lost,321,1,153.0
17715,Lost,201,1,326.4
17716,Loyal Customers,23,11,5655.99
17718,Lost,232,1,139.35
17719,Loyal Customers,38,15,5396.04
17720,Loyal Customers,26,4,1195.94
17722,At Risk,96,4,2424.04
17723,At Risk,127,6,3276.4000000000005
17724,At Risk,71,3,1033.0
17725,Champions,16,11,3439.08
17727,Recent Customers,15,1,1060.25
17728,Loyal Customers,4,3,2876.01
17730,Champions,3,13,5298.4800000000005
17731,At Risk,79,4,1240.11
17732,Lost,373,1,303.97
17733,Loyal Customers,39,2,692.19
17734,At Risk,54,3,700.63
17735,Champions,2,19,13110.02
17736,Loyal Customers,9,3,377.44
17737,Loyal Customers,9,2,168.24
17738,Loyal Customers,19,4,1879.05
17739,Champions,12,7,2791.35
17742,At Risk,113,2,355.11
17744,Champions,4,6,2322.4
17746,Lost,240,1,110.25
17747,At Risk,113,1,71.4
17749,Need Attention,178,2,674.52
17750,Champions,5,9,1694.16
17752,Lost,359,1,80.64
17754,Champions,1,5,1664.65
17757,Champions,1,30,5589.4400000000005
17758,Loyal Customers,19,8,3408.2000000000003
17759,Loyal Customers,17,3,818.71
17760,Loyal Customers,22,2,287.59
17761,Potential Loyalists,33,1,712.78
17763,Lost,263,1,15.0
17764,Loyal Customers,51,2,772.55
17765,Need Attention,159,3,367.63
17767,Recent Customers,15,1,271.2
17768,Loyal Customers,8,3,2081.9
17769,Champions,13,10,3957.43
17770,Need Attention,199,5,1143.27
17771,At Risk,57,2,245.33
17772,Loyal Customers,11,2,173.45
17774,At Risk,97,4,1213.73
17775,Lost,255,1,56.4
17777,Loyal Customers,25,3,647.56
17779,Loyal Customers,21,3,650.32
17781,Need Attention,159,2,188.02
17783,At Risk,72,2,283.47
17785,At Risk,53,1,131.94
17786,At Risk,85,2,266.85
17787,Need Attention,153,4,1817.54
17788,At Risk,74,2,1112.95
17789,Lost,281,1,225.9
17790,Loyal Customers,27,14,1964.3
17791,Potential Loyalists,30,1,106.1
17793,Potential Loyalists,25,1,300.34
17795,Need Attention,180,2,342.83
17796,Loyal Customers,40,4,690.0
17797,Loyal Customers,22,3,780.43
17799,Loyal Customers,22,10,3039.17
17800,Loyal Customers,37,9,1186.21
17802,At Risk,82,3,1285.04
17805,At Risk,74,1,512.31
17806,Recent Customers,11,1,546.04
17809,Champions,16,12,5411.91
17811,Champions,4,39,7755.12
17812,Loyal Customers,13,4,699.81
17813,Champions,14,5,1698.07
17816,Loyal Customers,37,4,36.56
17817,Loyal Customers,4,3,387.68
17819,At Risk,72,7,3704.87
17824,Potential Loyalists,51,1,298.4
17827,Champions,5,5,1987.33
17828,Loyal Customers,23,4,1165.09
17829,Lost,299,1,889.24
17830,Loyal Customers,2,3,398.7
17831,Potential Loyalists,33,1,35.400000000000006
17832,Potential Loyalists,50,1,155.37
17835,Loyal Customers,3,3,342.24
17836,Potential Loyalists,47,1,109.83
17837,Loyal Customers,42,8,1535.33
17838,Loyal Customers,27,5,2720.8
17839,Potential Loyalists,42,1,318.15
17841,Champions,2,124,40495.99
17843,Lost,303,1,197.73
17844,At Risk,107,1,51.559999999999995
17848,At Risk,81,9,901.1999999999999
17849,Need Attention,218,4,605.8000000000001
17850,Need Attention,372,34,5391.21
17852,Loyal Customers,12,2,114.34
17854,Need Attention,185,2,311.26
17855,Lost,373,1,208.97
17856,Loyal Customers,2,4,1418.03
17857,Champions,4,22,25301.54
17858,Champions,6,12,5140.66
17859,Lost,305,1,141.92000000000002
17860,Lost,369,1,226.45000000000002
17861,Champions,3,8,2097.88
17862,Lost,324,1,330.9
17863,At Risk,59,6,3160.0
17864,Loyal Customers,13,3,554.85
17865,Loyal Customers,31,20,10524.220000000001
17866,At Risk,143,1,329.65
17867,Loyal Customers,30,6,1157.8700000000001
17869,At Risk,107,5,428.18
17870,Champions,2,12,1865.89
17871,Lost,205,1,155.9
17873,At Risk,80,5,1719.5800000000002
17874,Need Attention,185,6,683.46
17877,Lost,170,1,237.61
17878,Potential Loyalists,44,1,379.45
17879,Lost,174,1,178.51999999999998
17880,Lost,365,1,458.92
17881,Lost,304,1,133.35000000000002
17883,Loyal Customers,3,4,664.34
17884,Loyal Customers,4,4,695.0699999999999
17885,Recent Customers,12,1,156.34
17886,Loyal Customers,32,3,869.28
17887,At Risk,129,1,111.35
17888,Loyal Customers,21,8,716.0
17889,Need Attention,212,2,201.37
17890,Need Attention,323,2,586.89
17891,Lost,162,1,203.85999999999999
17892,At Risk,56,3,244.1
17893,Lost,225,1,107.21
17894,At Risk,72,8,1118.54
17895,Potential Loyalists,44,1,95.45
17896,Potential Loyalists,23,1,256.32
17897,Need Attention,173,3,541.8100000000001
17898,At Risk,85,2,152.06
17899,Lost,159,1,154.55
17900,Need Attention,190,2,112.19999999999999
17901,Potential Loyalists,29,1,110.38
17904,Potential Loyalists,21,1,181.07
17905,At Risk,71,4,798.99
17906,Lost,247,1,72.9
17908,Lost,374,1,232.03
17911,Recent Customers,9,1,366.23
17912,Need Attention,310,5,310.06
17913,At Risk,59,2,408.65
17914,Recent Customers,4,1,329.36
17917,Loyal Customers,45,3,335.03
17919,At Risk,88,1,1304.04
17920,Champions,4,17,4107.6
17921,At Risk,64,4,820.23
17923,Lost,282,1,207.50000000000003
17924,Champions,12,7,2962.5
17925,Lost,373,1,244.08
17926,At Risk,133,2,397.29
17928,Loyal Customers,45,2,184.46
17929,Loyal Customers,11,4,843.0
17930,Loyal Customers,36,5,1740.48
17931,At Risk,134,2,408.36
17932,Loyal Customers,29,3,1331.57
17934,At Risk,52,2,704.25
17935,At Risk,138,2,142.89
17936,Recent Customers,5,1,380.13
17937,Champions,9,7,4301.22
17939,Lost,160,1,99.14
17940,Loyal Customers,49,9,2152.1800000000003
17941,At Risk,131,1,304.56
17942,Recent Customers,8,1,77.50000000000001
17946,Need Attention,233,2,149.57999999999998
17947,Potential Loyalists,37,1,176.68
17948,Lost,147,1,358.56000000000006
17949,Champions,1,44,58030.48
17950,At Risk,72,3,482.2
17951,Loyal Customers,40,3,1008.5400000000001
17954,Champions,5,12,2314.13
17955,Need Attention,199,4,557.3
17956,Lost,249,1,12.75
17957,At Risk,66,1,110.72
17958,At Risk,117,1,508.4599999999999
17960,Lost,171,1,73.78
17961,Loyal Customers,21,39,1296.44
17962,At Risk,142,1,102.41
17964,Loyal Customers,32,2,463.21
17965,Loyal Customers,38,14,2599.19
17966,Loyal Customers,38,5,1098.43
17967,Lost,372,1,112.27
17968,Lost,374,1,265.1
17969,Need Attention,166,2,228.2
17970,Lost,211,1,562.79
17972,Lost,242,1,135.19
17973,At Risk,52,1,337.04
17974,Loyal Customers,25,3,703.99
17975,Champions,15,13,4479.96
17976,Lost,372,1,321.79
17977,Potential Loyalists,29,1,288.14
17978,Lost,365,1,300.91999999999996
17979,Loyal Customers,36,4,729.01
17980,Need Attention,166,3,811.45
17984,Lost,145,1,152.68
17985,Potential Loyalists,22,1,631.35
17986,At Risk,56,1,20.8
17987,Lost,185,1,198.57
17988,Champions,12,7,201.12
17990,Need Attention,237,3,630.84
17991,Need Attention,225,2,93.35
17994,At Risk,122,4,674.89
17995,Lost,282,1,76.1
17997,At Risk,74,8,1962.46
17999,Loyal Customers,37,2,380.39
18001,Loyal Customers,12,2,415.13
18004,Lost,362,1,157.92
18005,Loyal Customers,4,2,226.47
18006,Potential Loyalists,23,1,444.68
18008,At Risk,70,9,2116.19
18009,Lost,235,1,247.39
18010,Lost,257,1,174.8
18011,Lost,373,1,102.78999999999999
18013,Need Attention,155,2,187.29
18014,Potential Loyalists,28,1,154.27
18015,Recent Customers,4,1,120.03
18016,Loyal Customers,32,5,1477.66
18017,At Risk,81,3,523.0
18018,At Risk,108,2,122.14
18019,At Risk,52,1,38.45
18022,Potential Loyalists,36,1,612.72
18024,Need Attention,153,2,389.78
18027,At Risk,99,1,115.31
18030,Loyal Customers,4,2,230.64999999999998
18032,Lost,334,1,73.5
18033,At Risk,65,1,93.82000000000001
18034,Loyal Customers,22,2,418.68
18035,Loyal Customers,36,3,713.89
18036,Loyal Customers,32,3,403.12
18037,Need Attention,154,6,70.02
18040,Loyal Customers,19,2,357.20000000000005
18041,Champions,12,21,4097.37
18042,At Risk,54,1,165.04999999999998
18043,Loyal Customers,25,3,529.29
18044,Champions,4,10,2088.6
18045,Potential Loyalists,45,1,178.34
18048,Need Attention,203,2,172.29000000000002
18050,Lost,359,1,74.4
18053,At Risk,71,1,300.02
18055,Champions,7,10,6761.34
18056,Lost,288,1,363.65
18058,Recent Customers,10,1,170.16
18059,Loyal Customers,23,3,306.46
18061,Loyal Customers,22,10,2119.41
18062,Need Attention,173,3,720.52
18064,At Risk,133,2,814.0
18065,Champions,6,14,2392.83
18066,At Risk,75,1,318.0
18067,Potential Loyalists,40,1,396.33
18068,Lost,289,1,101.69999999999999
18069,Loyal Customers,26,5,2009.24
18071,Need Attention,258,2,453.0
18072,Lost,186,1,247.44
18073,At Risk,114,12,3859.82
18074,Lost,374,1,489.6
18075,Loyal Customers,23,10,2611.75
18077,Champions,8,11,2584.41
18078,Need Attention,217,2,336.13
18079,Loyal Customers,45,4,3613.15
18080,Loyal Customers,19,2,1231.5
18081,Loyal Customers,36,3,343.45
18082,Potential Loyalists,26,1,680.84
18084,Recent Customers,16,1,90.47999999999999
18085,Need Attention,330,2,689.95
18086,Lost,274,1,101.34
18087,Lost,291,1,3202.9199999999996
18088,At Risk,61,1,166.03
18092,Champions,2,11,9068.26
18093,At Risk,93,4,2106.52
18094,At Risk,82,7,3017.3
18095,Need Attention,313,2,580.0500000000001
18096,Loyal Customers,12,3,849.06
18097,Champions,8,6,2662.4
18099,At Risk,127,1,168.31
18101,Loyal Customers,11,2,222.4
18102,Champions,1,60,259657.3
18104,Potential Loyalists,37,1,754.64
18105,Potential Loyalists,38,1,113.48000000000002
18106,Lost,330,1,421.9
18108,Lost,254,1,271.0
18109,Champions,2,26,8004.92
18110,Potential Loyalists,20,1,198.8
18112,Loyal Customers,12,2,352.69
18113,Lost,369,1,76.32000000000001
18114,Lost,290,1,220.1
18116,At Risk,68,8,1399.51
18117,Potential Loyalists,26,1,314.4
18118,Champions,11,26,5622.68
18119,Lost,368,1,180.7
18120,Lost,214,1,111.15
18121,Need Attention,149,2,653.3
18122,Champions,8,6,1791.84
18123,Loyal Customers,24,2,574.4399999999999
18125,Loyal Customers,30,4,1131.75
18126,At Risk,61,1,198.58
18127,Loyal Customers,19,3,347.08
18129,Lost,243,1,112.55000000000001
18130,Loyal Customers,15,3,1059.39
18133,Lost,212,1,931.4999999999999
18135,Loyal Customers,29,5,681.9100000000001
18136,At Risk,63,3,784.33
18138,Lost,295,1,152.65
18139,Champions,18,6,8438.34
18142,Need Attention,157,2,1019.52
18143,At Risk,117,2,1000.16
18144,Champions,8,12,2888.75
18145,Loyal Customers,13,4,2861.55
18146,At Risk,141,2,160.35000000000002
18147,Loyal Customers,46,2,179.33999999999997
18149,Loyal Customers,51,3,612.0799999999999
18150,Loyal Customers,32,3,566.58
18151,At Risk,135,2,653.35
18154,Loyal Customers,3,2,399.19
18155,At Risk,75,3,371.62
18156,Loyal Customers,13,2,675.64
18158,Loyal Customers,9,2,453.4
18159,Lost,301,1,530.15
18160,At Risk,57,2,638.0600000000001
18161,Champions,15,5,1618.69
18164,Potential Loyalists,37,1,399.65000000000003
18165,Lost,177,1,302.46000000000004
18167,Loyal Customers,23,3,1384.8600000000001
18168,Need Attention,176,6,1160.04
18169,At Risk,61,1,202.65
18170,Loyal Customers,33,3,980.31
18171,At Risk,59,5,1231.31
18172,Champions,15,20,7561.68
18173,At Risk,87,4,2106.84
18174,Recent Customers,7,1,104.0
18176,Lost,358,1,476.35
18177,Loyal Customers,31,6,1340.8700000000001
18178,At Risk,129,4,1590.81
18179,Champions,9,6,1793.17
18180,Champions,5,6,1843.75
18181,Potential Loyalists,24,1,366.85
18183,Need Attention,227,2,632.07
18184,Recent Customers,15,1,49.8
18185,Lost,249,1,304.25
18188,Loyal Customers,15,3,2001.04
18189,At Risk,78,2,1090.24
18190,Need Attention,192,2,284.46000000000004
18191,Lost,262,1,207.79999999999998
18192,At Risk,72,1,957.97
18193,Lost,165,1,243.76
18194,At Risk,82,1,973.8399999999999
18196,At Risk,95,2,686.63
18198,Champions,4,17,5425.56
18200,At Risk,106,1,150.35
18202,Need Attention,200,3,1396.99
18203,Lost,157,1,160.42000000000002
18204,At Risk,71,3,1975.35
18205,Loyal Customers,36,2,517.36
18209,Potential Loyalists,29,1,139.10000000000002
18210,Champions,2,6,2621.38
18211,Loyal Customers,26,5,600.07
18212,Lost,326,1,216.07
18213,Lost,237,1,232.48000000000002
18215,At Risk,89,1,299.34000000000003
18216,Potential Loyalists,31,1,481.75
18217,Loyal Customers,29,2,621.75
18218,Need Attention,211,2,641.92
18219,Champions,3,10,2069.77
18220,Lost,227,1,305.28000000000003
18221,Loyal Customers,22,5,1041.61
18222,At Risk,93,1,443.0
18223,Champions,5,14,6484.54
18224,Lost,264,1,158.95000000000002
18225,Champions,3,12,5504.96
18226,Loyal Customers,44,11,5228.05
18227,Lost,218,1,93.75
18228,At Risk,57,2,779.9
18229,Champions,12,20,7276.900000000001
18230,Champions,9,7,2810.2000000000003
18231,Need Attention,192,5,2071.77
18232,At Risk,82,4,592.97
18233,Lost,326,1,440.0
18235,At Risk,72,3,1796.48
18236,Loyal Customers,30,6,882.24
18237,Champions,3,5,987.1
18239,Need Attention,219,5,1561.6100000000001
18240,Potential Loyalists,46,1,422.58
18241,Champions,10,17,2073.09
18242,At Risk,72,4,2232.4900000000002
18245,Champions,7,7,2567.06
18246,Loyal Customers,24,2,596.1
18248,At Risk,123,2,804.02
18249,Recent Customers,17,1,95.34
18250,Lost,310,1,349.27
18251,At Risk,87,1,4314.72
18252,Loyal Customers,51,2,518.27
18255,At Risk,89,1,103.3
18257,Loyal Customers,39,8,2337.63
18259,Loyal Customers,25,3,2338.6000000000004
18260,Need Attention,173,6,2628.35
18261,Loyal Customers,43,2,324.24
18262,At Risk,140,1,149.48
18263,Loyal Customers,26,3,1213.1599999999999
18265,At Risk,72,2,801.51
18268,At Risk,134,1,25.5
18269,Lost,366,1,168.6
18270,Loyal Customers,38,2,283.15
18272,Champions,3,6,3078.58
18273,Loyal Customers,2,3,204.0
18274,Potential Loyalists,30,1,175.92
18276,Potential Loyalists,44,1,335.86
18277,At Risk,58,1,110.38
18278,At Risk,74,1,173.9
18280,Lost,278,1,180.60000000000002
18281,Lost,181,1,80.82
18282,Loyal Customers,8,2,178.05
18283,Champions,4,16,2039.58
18287,Loyal Customers,43,3,1837.28
